-- phpMyAdmin SQL Dump
-- version 5.2.1
-- https://www.phpmyadmin.net/
--
-- Servidor: 127.0.0.1
-- Tiempo de generación: 13-08-2024 a las 14:40:48
-- Versión del servidor: 10.4.32-MariaDB
-- Versión de PHP: 8.2.12

SET SQL_MODE = "NO_AUTO_VALUE_ON_ZERO";
START TRANSACTION;
SET time_zone = "+00:00";


/*!40101 SET @OLD_CHARACTER_SET_CLIENT=@@CHARACTER_SET_CLIENT */;
/*!40101 SET @OLD_CHARACTER_SET_RESULTS=@@CHARACTER_SET_RESULTS */;
/*!40101 SET @OLD_COLLATION_CONNECTION=@@COLLATION_CONNECTION */;
/*!40101 SET NAMES utf8mb4 */;

--
-- Base de datos: `ojalinheiro`
--

-- --------------------------------------------------------

--
-- Estructura de tabla para la tabla `baja`
--

CREATE TABLE `baja` (
  `id_gallina` int(11) NOT NULL,
  `fecha` date NOT NULL,
  `causa` varchar(200) NOT NULL
) ENGINE=InnoDB DEFAULT CHARSET=utf8mb4 COLLATE=utf8mb4_general_ci;

--
-- Volcado de datos para la tabla `baja`
--

INSERT INTO `baja` (`id_gallina`, `fecha`, `causa`) VALUES
(8, '2024-08-01', 'sacrificada'),
(9, '2024-08-01', 'muerte natural');

-- --------------------------------------------------------

--
-- Estructura de tabla para la tabla `gallina`
--

CREATE TABLE `gallina` (
  `id` int(11) NOT NULL,
  `nombre` varchar(200) NOT NULL,
  `fecha_nacimiento` date DEFAULT NULL,
  `nombre_raza` varchar(200) NOT NULL
) ENGINE=InnoDB DEFAULT CHARSET=utf8mb4 COLLATE=utf8mb4_general_ci;

--
-- Volcado de datos para la tabla `gallina`
--

INSERT INTO `gallina` (`id`, `nombre`, `fecha_nacimiento`, `nombre_raza`) VALUES
(1, 'Pepa', '2023-02-01', 'Gallina de Mos'),
(2, 'Pistacho', '2023-02-01', 'Gallina de Mos'),
(3, 'Macarrón', '2020-06-01', 'Gallina de Mos'),
(4, 'Zipi', '2023-08-11', 'Gallina de Mos'),
(5, 'Papanatas', '2023-02-01', 'Gallina de Mos'),
(6, 'Cacao', '2023-09-22', 'Gallina de Villalba'),
(7, 'M. Rajoy', '2023-02-01', 'Gallina de Villalba'),
(8, 'Commodo', '2022-10-10', 'Gallina de Villalba'),
(9, 'Máximo Décimo Meridio', '2022-11-22', 'Gallina de Villalba'),
(10, 'Turuleca', '2023-02-01', 'Gallina de Villalba'),
(11, 'Magricela', '2023-02-01', 'Gallina de Villalba'),
(12, 'Chiquito', '2023-05-28', 'Gallina de Piñeira'),
(13, 'Piña', '2023-02-01', 'Gallina de Piñeira'),
(14, 'Leo Messi', '2023-06-24', 'Gallina de Piñeira'),
(15, 'Zape', '2023-08-11', 'Gallina de Piñeira');

-- --------------------------------------------------------

--
-- Estructura de tabla para la tabla `produccion`
--

CREATE TABLE `produccion` (
  `fecha_recogida` date NOT NULL,
  `id_gallina` int(11) NOT NULL,
  `cantidad` int(11) NOT NULL
) ENGINE=InnoDB DEFAULT CHARSET=utf8mb4 COLLATE=utf8mb4_general_ci;

--
-- Volcado de datos para la tabla `produccion`
--

INSERT INTO `produccion` (`fecha_recogida`, `id_gallina`, `cantidad`) VALUES
('2024-01-01', 1, 1),
('2024-01-01', 2, 1),
('2024-01-01', 3, 0),
('2024-01-01', 4, 1),
('2024-01-01', 5, 0),
('2024-01-01', 6, 0),
('2024-01-01', 7, 1),
('2024-01-01', 8, 0),
('2024-01-01', 9, 1),
('2024-01-01', 10, 0),
('2024-01-01', 11, 0),
('2024-01-01', 12, 0),
('2024-01-01', 13, 1),
('2024-01-01', 14, 0),
('2024-01-01', 15, 0),
('2024-01-02', 1, 1),
('2024-01-02', 2, 1),
('2024-01-02', 3, 0),
('2024-01-02', 4, 0),
('2024-01-02', 5, 1),
('2024-01-02', 6, 1),
('2024-01-02', 7, 1),
('2024-01-02', 8, 0),
('2024-01-02', 9, 0),
('2024-01-02', 10, 1),
('2024-01-02', 11, 1),
('2024-01-02', 12, 1),
('2024-01-02', 13, 1),
('2024-01-02', 14, 0),
('2024-01-02', 15, 0),
('2024-01-03', 1, 1),
('2024-01-03', 2, 0),
('2024-01-03', 3, 0),
('2024-01-03', 4, 0),
('2024-01-03', 5, 1),
('2024-01-03', 6, 1),
('2024-01-03', 7, 1),
('2024-01-03', 8, 0),
('2024-01-03', 9, 1),
('2024-01-03', 10, 1),
('2024-01-03', 11, 1),
('2024-01-03', 12, 1),
('2024-01-03', 13, 0),
('2024-01-03', 14, 0),
('2024-01-03', 15, 1),
('2024-01-04', 1, 0),
('2024-01-04', 2, 0),
('2024-01-04', 3, 1),
('2024-01-04', 4, 1),
('2024-01-04', 5, 1),
('2024-01-04', 6, 1),
('2024-01-04', 7, 0),
('2024-01-04', 8, 1),
('2024-01-04', 9, 1),
('2024-01-04', 10, 0),
('2024-01-04', 11, 1),
('2024-01-04', 12, 1),
('2024-01-04', 13, 0),
('2024-01-04', 14, 1),
('2024-01-04', 15, 1),
('2024-01-05', 1, 1),
('2024-01-05', 2, 0),
('2024-01-05', 3, 1),
('2024-01-05', 4, 1),
('2024-01-05', 5, 1),
('2024-01-05', 6, 0),
('2024-01-05', 7, 0),
('2024-01-05', 8, 0),
('2024-01-05', 9, 0),
('2024-01-05', 10, 0),
('2024-01-05', 11, 1),
('2024-01-05', 12, 0),
('2024-01-05', 13, 0),
('2024-01-05', 14, 1),
('2024-01-05', 15, 1),
('2024-01-06', 1, 1),
('2024-01-06', 2, 0),
('2024-01-06', 3, 0),
('2024-01-06', 4, 0),
('2024-01-06', 5, 0),
('2024-01-06', 6, 1),
('2024-01-06', 7, 1),
('2024-01-06', 8, 1),
('2024-01-06', 9, 1),
('2024-01-06', 10, 0),
('2024-01-06', 11, 1),
('2024-01-06', 12, 0),
('2024-01-06', 13, 0),
('2024-01-06', 14, 0),
('2024-01-06', 15, 0),
('2024-01-07', 1, 1),
('2024-01-07', 2, 1),
('2024-01-07', 3, 1),
('2024-01-07', 4, 0),
('2024-01-07', 5, 0),
('2024-01-07', 6, 1),
('2024-01-07', 7, 0),
('2024-01-07', 8, 0),
('2024-01-07', 9, 1),
('2024-01-07', 10, 1),
('2024-01-07', 11, 1),
('2024-01-07', 12, 0),
('2024-01-07', 13, 1),
('2024-01-07', 14, 1),
('2024-01-07', 15, 1),
('2024-01-08', 1, 0),
('2024-01-08', 2, 0),
('2024-01-08', 3, 1),
('2024-01-08', 4, 1),
('2024-01-08', 5, 1),
('2024-01-08', 6, 0),
('2024-01-08', 7, 1),
('2024-01-08', 8, 1),
('2024-01-08', 9, 1),
('2024-01-08', 10, 0),
('2024-01-08', 11, 0),
('2024-01-08', 12, 1),
('2024-01-08', 13, 0),
('2024-01-08', 14, 1),
('2024-01-08', 15, 0),
('2024-01-09', 1, 1),
('2024-01-09', 2, 0),
('2024-01-09', 3, 0),
('2024-01-09', 4, 0),
('2024-01-09', 5, 1),
('2024-01-09', 6, 1),
('2024-01-09', 7, 0),
('2024-01-09', 8, 1),
('2024-01-09', 9, 0),
('2024-01-09', 10, 0),
('2024-01-09', 11, 1),
('2024-01-09', 12, 0),
('2024-01-09', 13, 1),
('2024-01-09', 14, 1),
('2024-01-09', 15, 1),
('2024-01-10', 1, 0),
('2024-01-10', 2, 1),
('2024-01-10', 3, 1),
('2024-01-10', 4, 0),
('2024-01-10', 5, 1),
('2024-01-10', 6, 1),
('2024-01-10', 7, 1),
('2024-01-10', 8, 1),
('2024-01-10', 9, 1),
('2024-01-10', 10, 1),
('2024-01-10', 11, 0),
('2024-01-10', 12, 1),
('2024-01-10', 13, 0),
('2024-01-10', 14, 1),
('2024-01-10', 15, 0),
('2024-01-11', 1, 1),
('2024-01-11', 2, 0),
('2024-01-11', 3, 1),
('2024-01-11', 4, 0),
('2024-01-11', 5, 0),
('2024-01-11', 6, 0),
('2024-01-11', 7, 1),
('2024-01-11', 8, 0),
('2024-01-11', 9, 1),
('2024-01-11', 10, 0),
('2024-01-11', 11, 1),
('2024-01-11', 12, 1),
('2024-01-11', 13, 1),
('2024-01-11', 14, 0),
('2024-01-11', 15, 0),
('2024-01-12', 1, 0),
('2024-01-12', 2, 0),
('2024-01-12', 3, 1),
('2024-01-12', 4, 1),
('2024-01-12', 5, 1),
('2024-01-12', 6, 0),
('2024-01-12', 7, 0),
('2024-01-12', 8, 1),
('2024-01-12', 9, 1),
('2024-01-12', 10, 0),
('2024-01-12', 11, 0),
('2024-01-12', 12, 1),
('2024-01-12', 13, 0),
('2024-01-12', 14, 0),
('2024-01-12', 15, 0),
('2024-01-13', 1, 1),
('2024-01-13', 2, 1),
('2024-01-13', 3, 0),
('2024-01-13', 4, 1),
('2024-01-13', 5, 1),
('2024-01-13', 6, 1),
('2024-01-13', 7, 0),
('2024-01-13', 8, 0),
('2024-01-13', 9, 1),
('2024-01-13', 10, 0),
('2024-01-13', 11, 0),
('2024-01-13', 12, 0),
('2024-01-13', 13, 0),
('2024-01-13', 14, 1),
('2024-01-13', 15, 0),
('2024-01-14', 1, 0),
('2024-01-14', 2, 1),
('2024-01-14', 3, 1),
('2024-01-14', 4, 1),
('2024-01-14', 5, 0),
('2024-01-14', 6, 0),
('2024-01-14', 7, 1),
('2024-01-14', 8, 1),
('2024-01-14', 9, 0),
('2024-01-14', 10, 0),
('2024-01-14', 11, 1),
('2024-01-14', 12, 1),
('2024-01-14', 13, 0),
('2024-01-14', 14, 0),
('2024-01-14', 15, 0),
('2024-01-15', 1, 1),
('2024-01-15', 2, 0),
('2024-01-15', 3, 1),
('2024-01-15', 4, 1),
('2024-01-15', 5, 1),
('2024-01-15', 6, 0),
('2024-01-15', 7, 0),
('2024-01-15', 8, 0),
('2024-01-15', 9, 1),
('2024-01-15', 10, 1),
('2024-01-15', 11, 1),
('2024-01-15', 12, 0),
('2024-01-15', 13, 1),
('2024-01-15', 14, 1),
('2024-01-15', 15, 0),
('2024-01-16', 1, 0),
('2024-01-16', 2, 0),
('2024-01-16', 3, 0),
('2024-01-16', 4, 1),
('2024-01-16', 5, 0),
('2024-01-16', 6, 0),
('2024-01-16', 7, 0),
('2024-01-16', 8, 1),
('2024-01-16', 9, 0),
('2024-01-16', 10, 1),
('2024-01-16', 11, 1),
('2024-01-16', 12, 0),
('2024-01-16', 13, 0),
('2024-01-16', 14, 1),
('2024-01-16', 15, 1),
('2024-01-17', 1, 0),
('2024-01-17', 2, 0),
('2024-01-17', 3, 1),
('2024-01-17', 4, 1),
('2024-01-17', 5, 0),
('2024-01-17', 6, 1),
('2024-01-17', 7, 0),
('2024-01-17', 8, 1),
('2024-01-17', 9, 0),
('2024-01-17', 10, 0),
('2024-01-17', 11, 0),
('2024-01-17', 12, 1),
('2024-01-17', 13, 1),
('2024-01-17', 14, 1),
('2024-01-17', 15, 1),
('2024-01-18', 1, 0),
('2024-01-18', 2, 0),
('2024-01-18', 3, 1),
('2024-01-18', 4, 0),
('2024-01-18', 5, 1),
('2024-01-18', 6, 1),
('2024-01-18', 7, 1),
('2024-01-18', 8, 1),
('2024-01-18', 9, 0),
('2024-01-18', 10, 1),
('2024-01-18', 11, 1),
('2024-01-18', 12, 1),
('2024-01-18', 13, 0),
('2024-01-18', 14, 1),
('2024-01-18', 15, 0),
('2024-01-19', 1, 0),
('2024-01-19', 2, 1),
('2024-01-19', 3, 1),
('2024-01-19', 4, 1),
('2024-01-19', 5, 0),
('2024-01-19', 6, 1),
('2024-01-19', 7, 0),
('2024-01-19', 8, 1),
('2024-01-19', 9, 0),
('2024-01-19', 10, 1),
('2024-01-19', 11, 1),
('2024-01-19', 12, 1),
('2024-01-19', 13, 1),
('2024-01-19', 14, 1),
('2024-01-19', 15, 1),
('2024-01-20', 1, 1),
('2024-01-20', 2, 0),
('2024-01-20', 3, 1),
('2024-01-20', 4, 1),
('2024-01-20', 5, 1),
('2024-01-20', 6, 1),
('2024-01-20', 7, 0),
('2024-01-20', 8, 1),
('2024-01-20', 9, 0),
('2024-01-20', 10, 1),
('2024-01-20', 11, 0),
('2024-01-20', 12, 0),
('2024-01-20', 13, 1),
('2024-01-20', 14, 1),
('2024-01-20', 15, 1),
('2024-01-21', 1, 0),
('2024-01-21', 2, 0),
('2024-01-21', 3, 1),
('2024-01-21', 4, 0),
('2024-01-21', 5, 0),
('2024-01-21', 6, 0),
('2024-01-21', 7, 0),
('2024-01-21', 8, 1),
('2024-01-21', 9, 1),
('2024-01-21', 10, 0),
('2024-01-21', 11, 0),
('2024-01-21', 12, 1),
('2024-01-21', 13, 0),
('2024-01-21', 14, 1),
('2024-01-21', 15, 0),
('2024-01-22', 1, 0),
('2024-01-22', 2, 0),
('2024-01-22', 3, 1),
('2024-01-22', 4, 1),
('2024-01-22', 5, 1),
('2024-01-22', 6, 1),
('2024-01-22', 7, 1),
('2024-01-22', 8, 0),
('2024-01-22', 9, 1),
('2024-01-22', 10, 0),
('2024-01-22', 11, 0),
('2024-01-22', 12, 1),
('2024-01-22', 13, 0),
('2024-01-22', 14, 0),
('2024-01-22', 15, 0),
('2024-01-23', 1, 1),
('2024-01-23', 2, 1),
('2024-01-23', 3, 0),
('2024-01-23', 4, 0),
('2024-01-23', 5, 0),
('2024-01-23', 6, 0),
('2024-01-23', 7, 1),
('2024-01-23', 8, 0),
('2024-01-23', 9, 1),
('2024-01-23', 10, 0),
('2024-01-23', 11, 0),
('2024-01-23', 12, 0),
('2024-01-23', 13, 1),
('2024-01-23', 14, 0),
('2024-01-23', 15, 1),
('2024-01-24', 1, 0),
('2024-01-24', 2, 1),
('2024-01-24', 3, 1),
('2024-01-24', 4, 0),
('2024-01-24', 5, 1),
('2024-01-24', 6, 0),
('2024-01-24', 7, 0),
('2024-01-24', 8, 1),
('2024-01-24', 9, 1),
('2024-01-24', 10, 1),
('2024-01-24', 11, 1),
('2024-01-24', 12, 1),
('2024-01-24', 13, 0),
('2024-01-24', 14, 1),
('2024-01-24', 15, 1),
('2024-01-25', 1, 1),
('2024-01-25', 2, 1),
('2024-01-25', 3, 1),
('2024-01-25', 4, 0),
('2024-01-25', 5, 0),
('2024-01-25', 6, 1),
('2024-01-25', 7, 0),
('2024-01-25', 8, 1),
('2024-01-25', 9, 0),
('2024-01-25', 10, 0),
('2024-01-25', 11, 1),
('2024-01-25', 12, 0),
('2024-01-25', 13, 0),
('2024-01-25', 14, 1),
('2024-01-25', 15, 0),
('2024-01-26', 1, 0),
('2024-01-26', 2, 1),
('2024-01-26', 3, 1),
('2024-01-26', 4, 1),
('2024-01-26', 5, 1),
('2024-01-26', 6, 1),
('2024-01-26', 7, 0),
('2024-01-26', 8, 0),
('2024-01-26', 9, 0),
('2024-01-26', 10, 1),
('2024-01-26', 11, 1),
('2024-01-26', 12, 1),
('2024-01-26', 13, 1),
('2024-01-26', 14, 1),
('2024-01-26', 15, 0),
('2024-01-27', 1, 0),
('2024-01-27', 2, 0),
('2024-01-27', 3, 1),
('2024-01-27', 4, 0),
('2024-01-27', 5, 0),
('2024-01-27', 6, 0),
('2024-01-27', 7, 0),
('2024-01-27', 8, 1),
('2024-01-27', 9, 1),
('2024-01-27', 10, 1),
('2024-01-27', 11, 1),
('2024-01-27', 12, 0),
('2024-01-27', 13, 1),
('2024-01-27', 14, 1),
('2024-01-27', 15, 1),
('2024-01-28', 1, 0),
('2024-01-28', 2, 0),
('2024-01-28', 3, 1),
('2024-01-28', 4, 0),
('2024-01-28', 5, 0),
('2024-01-28', 6, 1),
('2024-01-28', 7, 1),
('2024-01-28', 8, 1),
('2024-01-28', 9, 1),
('2024-01-28', 10, 0),
('2024-01-28', 11, 0),
('2024-01-28', 12, 1),
('2024-01-28', 13, 0),
('2024-01-28', 14, 1),
('2024-01-28', 15, 0),
('2024-01-29', 1, 1),
('2024-01-29', 2, 1),
('2024-01-29', 3, 1),
('2024-01-29', 4, 0),
('2024-01-29', 5, 0),
('2024-01-29', 6, 0),
('2024-01-29', 7, 1),
('2024-01-29', 8, 1),
('2024-01-29', 9, 0),
('2024-01-29', 10, 0),
('2024-01-29', 11, 0),
('2024-01-29', 12, 0),
('2024-01-29', 13, 1),
('2024-01-29', 14, 1),
('2024-01-29', 15, 1),
('2024-01-30', 1, 1),
('2024-01-30', 2, 0),
('2024-01-30', 3, 1),
('2024-01-30', 4, 0),
('2024-01-30', 5, 1),
('2024-01-30', 6, 1),
('2024-01-30', 7, 0),
('2024-01-30', 8, 0),
('2024-01-30', 9, 0),
('2024-01-30', 10, 0),
('2024-01-30', 11, 1),
('2024-01-30', 12, 1),
('2024-01-30', 13, 1),
('2024-01-30', 14, 0),
('2024-01-30', 15, 0),
('2024-01-31', 1, 1),
('2024-01-31', 2, 1),
('2024-01-31', 3, 0),
('2024-01-31', 4, 0),
('2024-01-31', 5, 0),
('2024-01-31', 6, 1),
('2024-01-31', 7, 1),
('2024-01-31', 8, 0),
('2024-01-31', 9, 1),
('2024-01-31', 10, 0),
('2024-01-31', 11, 1),
('2024-01-31', 12, 0),
('2024-01-31', 13, 1),
('2024-01-31', 14, 0),
('2024-01-31', 15, 0),
('2024-02-01', 1, 0),
('2024-02-01', 2, 1),
('2024-02-01', 3, 1),
('2024-02-01', 4, 1),
('2024-02-01', 5, 0),
('2024-02-01', 6, 0),
('2024-02-01', 7, 0),
('2024-02-01', 8, 0),
('2024-02-01', 9, 1),
('2024-02-01', 10, 0),
('2024-02-01', 11, 1),
('2024-02-01', 12, 1),
('2024-02-01', 13, 0),
('2024-02-01', 14, 0),
('2024-02-01', 15, 1),
('2024-02-02', 1, 0),
('2024-02-02', 2, 1),
('2024-02-02', 3, 1),
('2024-02-02', 4, 0),
('2024-02-02', 5, 1),
('2024-02-02', 6, 0),
('2024-02-02', 7, 0),
('2024-02-02', 8, 1),
('2024-02-02', 9, 1),
('2024-02-02', 10, 1),
('2024-02-02', 11, 1),
('2024-02-02', 12, 0),
('2024-02-02', 13, 1),
('2024-02-02', 14, 0),
('2024-02-02', 15, 0),
('2024-02-03', 1, 1),
('2024-02-03', 2, 1),
('2024-02-03', 3, 0),
('2024-02-03', 4, 1),
('2024-02-03', 5, 0),
('2024-02-03', 6, 1),
('2024-02-03', 7, 1),
('2024-02-03', 8, 1),
('2024-02-03', 9, 1),
('2024-02-03', 10, 0),
('2024-02-03', 11, 1),
('2024-02-03', 12, 0),
('2024-02-03', 13, 1),
('2024-02-03', 14, 1),
('2024-02-03', 15, 1),
('2024-02-04', 1, 0),
('2024-02-04', 2, 0),
('2024-02-04', 3, 0),
('2024-02-04', 4, 1),
('2024-02-04', 5, 1),
('2024-02-04', 6, 0),
('2024-02-04', 7, 1),
('2024-02-04', 8, 0),
('2024-02-04', 9, 0),
('2024-02-04', 10, 1),
('2024-02-04', 11, 1),
('2024-02-04', 12, 0),
('2024-02-04', 13, 1),
('2024-02-04', 14, 0),
('2024-02-04', 15, 1),
('2024-02-05', 1, 1),
('2024-02-05', 2, 1),
('2024-02-05', 3, 1),
('2024-02-05', 4, 1),
('2024-02-05', 5, 0),
('2024-02-05', 6, 1),
('2024-02-05', 7, 0),
('2024-02-05', 8, 0),
('2024-02-05', 9, 1),
('2024-02-05', 10, 1),
('2024-02-05', 11, 1),
('2024-02-05', 12, 0),
('2024-02-05', 13, 0),
('2024-02-05', 14, 1),
('2024-02-05', 15, 0),
('2024-02-06', 1, 0),
('2024-02-06', 2, 1),
('2024-02-06', 3, 0),
('2024-02-06', 4, 1),
('2024-02-06', 5, 1),
('2024-02-06', 6, 0),
('2024-02-06', 7, 0),
('2024-02-06', 8, 0),
('2024-02-06', 9, 0),
('2024-02-06', 10, 0),
('2024-02-06', 11, 1),
('2024-02-06', 12, 0),
('2024-02-06', 13, 1),
('2024-02-06', 14, 0),
('2024-02-06', 15, 0),
('2024-02-07', 1, 0),
('2024-02-07', 2, 0),
('2024-02-07', 3, 1),
('2024-02-07', 4, 1),
('2024-02-07', 5, 1),
('2024-02-07', 6, 1),
('2024-02-07', 7, 1),
('2024-02-07', 8, 1),
('2024-02-07', 9, 0),
('2024-02-07', 10, 1),
('2024-02-07', 11, 1),
('2024-02-07', 12, 1),
('2024-02-07', 13, 1),
('2024-02-07', 14, 1),
('2024-02-07', 15, 1),
('2024-02-08', 1, 1),
('2024-02-08', 2, 1),
('2024-02-08', 3, 1),
('2024-02-08', 4, 0),
('2024-02-08', 5, 1),
('2024-02-08', 6, 1),
('2024-02-08', 7, 1),
('2024-02-08', 8, 1),
('2024-02-08', 9, 0),
('2024-02-08', 10, 0),
('2024-02-08', 11, 0),
('2024-02-08', 12, 1),
('2024-02-08', 13, 1),
('2024-02-08', 14, 1),
('2024-02-08', 15, 1),
('2024-02-09', 1, 0),
('2024-02-09', 2, 1),
('2024-02-09', 3, 0),
('2024-02-09', 4, 1),
('2024-02-09', 5, 1),
('2024-02-09', 6, 0),
('2024-02-09', 7, 0),
('2024-02-09', 8, 0),
('2024-02-09', 9, 1),
('2024-02-09', 10, 1),
('2024-02-09', 11, 1),
('2024-02-09', 12, 1),
('2024-02-09', 13, 1),
('2024-02-09', 14, 1),
('2024-02-09', 15, 1),
('2024-02-10', 1, 0),
('2024-02-10', 2, 1),
('2024-02-10', 3, 1),
('2024-02-10', 4, 1),
('2024-02-10', 5, 1),
('2024-02-10', 6, 0),
('2024-02-10', 7, 0),
('2024-02-10', 8, 1),
('2024-02-10', 9, 0),
('2024-02-10', 10, 0),
('2024-02-10', 11, 1),
('2024-02-10', 12, 1),
('2024-02-10', 13, 0),
('2024-02-10', 14, 0),
('2024-02-10', 15, 1),
('2024-02-11', 1, 1),
('2024-02-11', 2, 1),
('2024-02-11', 3, 0),
('2024-02-11', 4, 0),
('2024-02-11', 5, 1),
('2024-02-11', 6, 0),
('2024-02-11', 7, 1),
('2024-02-11', 8, 1),
('2024-02-11', 9, 1),
('2024-02-11', 10, 1),
('2024-02-11', 11, 0),
('2024-02-11', 12, 1),
('2024-02-11', 13, 0),
('2024-02-11', 14, 1),
('2024-02-11', 15, 1),
('2024-02-12', 1, 0),
('2024-02-12', 2, 1),
('2024-02-12', 3, 0),
('2024-02-12', 4, 0),
('2024-02-12', 5, 1),
('2024-02-12', 6, 0),
('2024-02-12', 7, 1),
('2024-02-12', 8, 1),
('2024-02-12', 9, 0),
('2024-02-12', 10, 0),
('2024-02-12', 11, 1),
('2024-02-12', 12, 1),
('2024-02-12', 13, 0),
('2024-02-12', 14, 0),
('2024-02-12', 15, 1),
('2024-02-13', 1, 1),
('2024-02-13', 2, 0),
('2024-02-13', 3, 1),
('2024-02-13', 4, 1),
('2024-02-13', 5, 0),
('2024-02-13', 6, 0),
('2024-02-13', 7, 1),
('2024-02-13', 8, 0),
('2024-02-13', 9, 1),
('2024-02-13', 10, 1),
('2024-02-13', 11, 0),
('2024-02-13', 12, 1),
('2024-02-13', 13, 0),
('2024-02-13', 14, 1),
('2024-02-13', 15, 0),
('2024-02-14', 1, 0),
('2024-02-14', 2, 0),
('2024-02-14', 3, 1),
('2024-02-14', 4, 1),
('2024-02-14', 5, 0),
('2024-02-14', 6, 0),
('2024-02-14', 7, 0),
('2024-02-14', 8, 0),
('2024-02-14', 9, 1),
('2024-02-14', 10, 0),
('2024-02-14', 11, 1),
('2024-02-14', 12, 1),
('2024-02-14', 13, 1),
('2024-02-14', 14, 1),
('2024-02-14', 15, 0),
('2024-02-15', 1, 0),
('2024-02-15', 2, 0),
('2024-02-15', 3, 1),
('2024-02-15', 4, 1),
('2024-02-15', 5, 1),
('2024-02-15', 6, 1),
('2024-02-15', 7, 0),
('2024-02-15', 8, 1),
('2024-02-15', 9, 0),
('2024-02-15', 10, 1),
('2024-02-15', 11, 0),
('2024-02-15', 12, 0),
('2024-02-15', 13, 1),
('2024-02-15', 14, 0),
('2024-02-15', 15, 1),
('2024-02-16', 1, 0),
('2024-02-16', 2, 1),
('2024-02-16', 3, 1),
('2024-02-16', 4, 1),
('2024-02-16', 5, 0),
('2024-02-16', 6, 0),
('2024-02-16', 7, 1),
('2024-02-16', 8, 1),
('2024-02-16', 9, 0),
('2024-02-16', 10, 1),
('2024-02-16', 11, 1),
('2024-02-16', 12, 1),
('2024-02-16', 13, 0),
('2024-02-16', 14, 0),
('2024-02-16', 15, 1),
('2024-02-17', 1, 0),
('2024-02-17', 2, 1),
('2024-02-17', 3, 1),
('2024-02-17', 4, 0),
('2024-02-17', 5, 1),
('2024-02-17', 6, 0),
('2024-02-17', 7, 1),
('2024-02-17', 8, 0),
('2024-02-17', 9, 0),
('2024-02-17', 10, 1),
('2024-02-17', 11, 1),
('2024-02-17', 12, 1),
('2024-02-17', 13, 1),
('2024-02-17', 14, 1),
('2024-02-17', 15, 1),
('2024-02-18', 1, 0),
('2024-02-18', 2, 1),
('2024-02-18', 3, 0),
('2024-02-18', 4, 1),
('2024-02-18', 5, 1),
('2024-02-18', 6, 1),
('2024-02-18', 7, 1),
('2024-02-18', 8, 1),
('2024-02-18', 9, 1),
('2024-02-18', 10, 1),
('2024-02-18', 11, 0),
('2024-02-18', 12, 0),
('2024-02-18', 13, 1),
('2024-02-18', 14, 1),
('2024-02-18', 15, 0),
('2024-02-19', 1, 1),
('2024-02-19', 2, 1),
('2024-02-19', 3, 0),
('2024-02-19', 4, 0),
('2024-02-19', 5, 1),
('2024-02-19', 6, 1),
('2024-02-19', 7, 0),
('2024-02-19', 8, 0),
('2024-02-19', 9, 0),
('2024-02-19', 10, 0),
('2024-02-19', 11, 0),
('2024-02-19', 12, 1),
('2024-02-19', 13, 1),
('2024-02-19', 14, 1),
('2024-02-19', 15, 1),
('2024-02-20', 1, 1),
('2024-02-20', 2, 1),
('2024-02-20', 3, 0),
('2024-02-20', 4, 1),
('2024-02-20', 5, 0),
('2024-02-20', 6, 0),
('2024-02-20', 7, 1),
('2024-02-20', 8, 0),
('2024-02-20', 9, 0),
('2024-02-20', 10, 1),
('2024-02-20', 11, 1),
('2024-02-20', 12, 1),
('2024-02-20', 13, 1),
('2024-02-20', 14, 0),
('2024-02-20', 15, 0),
('2024-02-21', 1, 1),
('2024-02-21', 2, 1),
('2024-02-21', 3, 0),
('2024-02-21', 4, 1),
('2024-02-21', 5, 1),
('2024-02-21', 6, 1),
('2024-02-21', 7, 1),
('2024-02-21', 8, 0),
('2024-02-21', 9, 1),
('2024-02-21', 10, 1),
('2024-02-21', 11, 1),
('2024-02-21', 12, 0),
('2024-02-21', 13, 1),
('2024-02-21', 14, 0),
('2024-02-21', 15, 0),
('2024-02-22', 1, 1),
('2024-02-22', 2, 0),
('2024-02-22', 3, 0),
('2024-02-22', 4, 1),
('2024-02-22', 5, 1),
('2024-02-22', 6, 0),
('2024-02-22', 7, 0),
('2024-02-22', 8, 0),
('2024-02-22', 9, 1),
('2024-02-22', 10, 1),
('2024-02-22', 11, 1),
('2024-02-22', 12, 1),
('2024-02-22', 13, 0),
('2024-02-22', 14, 1),
('2024-02-22', 15, 0),
('2024-02-23', 1, 1),
('2024-02-23', 2, 0),
('2024-02-23', 3, 0),
('2024-02-23', 4, 1),
('2024-02-23', 5, 0),
('2024-02-23', 6, 0),
('2024-02-23', 7, 0),
('2024-02-23', 8, 0),
('2024-02-23', 9, 0),
('2024-02-23', 10, 0),
('2024-02-23', 11, 1),
('2024-02-23', 12, 1),
('2024-02-23', 13, 0),
('2024-02-23', 14, 0),
('2024-02-23', 15, 0),
('2024-02-24', 1, 1),
('2024-02-24', 2, 1),
('2024-02-24', 3, 1),
('2024-02-24', 4, 0),
('2024-02-24', 5, 1),
('2024-02-24', 6, 0),
('2024-02-24', 7, 0),
('2024-02-24', 8, 1),
('2024-02-24', 9, 0),
('2024-02-24', 10, 1),
('2024-02-24', 11, 0),
('2024-02-24', 12, 0),
('2024-02-24', 13, 1),
('2024-02-24', 14, 0),
('2024-02-24', 15, 1),
('2024-02-25', 1, 1),
('2024-02-25', 2, 1),
('2024-02-25', 3, 0),
('2024-02-25', 4, 0),
('2024-02-25', 5, 0),
('2024-02-25', 6, 0),
('2024-02-25', 7, 0),
('2024-02-25', 8, 1),
('2024-02-25', 9, 1),
('2024-02-25', 10, 0),
('2024-02-25', 11, 1),
('2024-02-25', 12, 1),
('2024-02-25', 13, 1),
('2024-02-25', 14, 1),
('2024-02-25', 15, 0),
('2024-02-26', 1, 0),
('2024-02-26', 2, 1),
('2024-02-26', 3, 0),
('2024-02-26', 4, 0),
('2024-02-26', 5, 1),
('2024-02-26', 6, 0),
('2024-02-26', 7, 0),
('2024-02-26', 8, 0),
('2024-02-26', 9, 1),
('2024-02-26', 10, 1),
('2024-02-26', 11, 1),
('2024-02-26', 12, 0),
('2024-02-26', 13, 1),
('2024-02-26', 14, 0),
('2024-02-26', 15, 1),
('2024-02-27', 1, 0),
('2024-02-27', 2, 1),
('2024-02-27', 3, 1),
('2024-02-27', 4, 0),
('2024-02-27', 5, 1),
('2024-02-27', 6, 0),
('2024-02-27', 7, 1),
('2024-02-27', 8, 0),
('2024-02-27', 9, 0),
('2024-02-27', 10, 0),
('2024-02-27', 11, 1),
('2024-02-27', 12, 1),
('2024-02-27', 13, 1),
('2024-02-27', 14, 1),
('2024-02-27', 15, 1),
('2024-02-28', 1, 0),
('2024-02-28', 2, 1),
('2024-02-28', 3, 1),
('2024-02-28', 4, 1),
('2024-02-28', 5, 1),
('2024-02-28', 6, 0),
('2024-02-28', 7, 1),
('2024-02-28', 8, 1),
('2024-02-28', 9, 0),
('2024-02-28', 10, 1),
('2024-02-28', 11, 0),
('2024-02-28', 12, 0),
('2024-02-28', 13, 0),
('2024-02-28', 14, 0),
('2024-02-28', 15, 0),
('2024-02-29', 1, 1),
('2024-02-29', 2, 1),
('2024-02-29', 3, 0),
('2024-02-29', 4, 0),
('2024-02-29', 5, 0),
('2024-02-29', 6, 1),
('2024-02-29', 7, 1),
('2024-02-29', 8, 0),
('2024-02-29', 9, 0),
('2024-02-29', 10, 1),
('2024-02-29', 11, 0),
('2024-02-29', 12, 1),
('2024-02-29', 13, 1),
('2024-02-29', 14, 1),
('2024-02-29', 15, 1),
('2024-03-01', 1, 1),
('2024-03-01', 2, 1),
('2024-03-01', 3, 0),
('2024-03-01', 4, 0),
('2024-03-01', 5, 0),
('2024-03-01', 6, 0),
('2024-03-01', 7, 0),
('2024-03-01', 8, 1),
('2024-03-01', 9, 0),
('2024-03-01', 10, 1),
('2024-03-01', 11, 0),
('2024-03-01', 12, 1),
('2024-03-01', 13, 1),
('2024-03-01', 14, 1),
('2024-03-01', 15, 1),
('2024-03-02', 1, 1),
('2024-03-02', 2, 1),
('2024-03-02', 3, 0),
('2024-03-02', 4, 1),
('2024-03-02', 5, 1),
('2024-03-02', 6, 1),
('2024-03-02', 7, 1),
('2024-03-02', 8, 1),
('2024-03-02', 9, 0),
('2024-03-02', 10, 0),
('2024-03-02', 11, 0),
('2024-03-02', 12, 1),
('2024-03-02', 13, 0),
('2024-03-02', 14, 0),
('2024-03-02', 15, 1),
('2024-03-03', 1, 1),
('2024-03-03', 2, 1),
('2024-03-03', 3, 1),
('2024-03-03', 4, 0),
('2024-03-03', 5, 1),
('2024-03-03', 6, 0),
('2024-03-03', 7, 0),
('2024-03-03', 8, 1),
('2024-03-03', 9, 0),
('2024-03-03', 10, 0),
('2024-03-03', 11, 0),
('2024-03-03', 12, 0),
('2024-03-03', 13, 0),
('2024-03-03', 14, 1),
('2024-03-03', 15, 0),
('2024-03-04', 1, 0),
('2024-03-04', 2, 0),
('2024-03-04', 3, 1),
('2024-03-04', 4, 0),
('2024-03-04', 5, 0),
('2024-03-04', 6, 0),
('2024-03-04', 7, 1),
('2024-03-04', 8, 1),
('2024-03-04', 9, 1),
('2024-03-04', 10, 0),
('2024-03-04', 11, 0),
('2024-03-04', 12, 1),
('2024-03-04', 13, 1),
('2024-03-04', 14, 0),
('2024-03-04', 15, 0),
('2024-03-05', 1, 0),
('2024-03-05', 2, 0),
('2024-03-05', 3, 0),
('2024-03-05', 4, 1),
('2024-03-05', 5, 1),
('2024-03-05', 6, 0),
('2024-03-05', 7, 1),
('2024-03-05', 8, 1),
('2024-03-05', 9, 0),
('2024-03-05', 10, 1),
('2024-03-05', 11, 0),
('2024-03-05', 12, 0),
('2024-03-05', 13, 0),
('2024-03-05', 14, 0),
('2024-03-05', 15, 0),
('2024-03-06', 1, 0),
('2024-03-06', 2, 1),
('2024-03-06', 3, 0),
('2024-03-06', 4, 0),
('2024-03-06', 5, 0),
('2024-03-06', 6, 1),
('2024-03-06', 7, 1),
('2024-03-06', 8, 1),
('2024-03-06', 9, 1),
('2024-03-06', 10, 1),
('2024-03-06', 11, 0),
('2024-03-06', 12, 1),
('2024-03-06', 13, 0),
('2024-03-06', 14, 1),
('2024-03-06', 15, 0),
('2024-03-07', 1, 0),
('2024-03-07', 2, 1),
('2024-03-07', 3, 0),
('2024-03-07', 4, 0),
('2024-03-07', 5, 0),
('2024-03-07', 6, 0),
('2024-03-07', 7, 0),
('2024-03-07', 8, 0),
('2024-03-07', 9, 1),
('2024-03-07', 10, 0),
('2024-03-07', 11, 0),
('2024-03-07', 12, 0),
('2024-03-07', 13, 1),
('2024-03-07', 14, 1),
('2024-03-07', 15, 1),
('2024-03-08', 1, 0),
('2024-03-08', 2, 0),
('2024-03-08', 3, 1),
('2024-03-08', 4, 0),
('2024-03-08', 5, 1),
('2024-03-08', 6, 1),
('2024-03-08', 7, 1),
('2024-03-08', 8, 1),
('2024-03-08', 9, 0),
('2024-03-08', 10, 1),
('2024-03-08', 11, 0),
('2024-03-08', 12, 1),
('2024-03-08', 13, 1),
('2024-03-08', 14, 1),
('2024-03-08', 15, 0),
('2024-03-09', 1, 1),
('2024-03-09', 2, 0),
('2024-03-09', 3, 0),
('2024-03-09', 4, 0),
('2024-03-09', 5, 0),
('2024-03-09', 6, 0),
('2024-03-09', 7, 1),
('2024-03-09', 8, 1),
('2024-03-09', 9, 0),
('2024-03-09', 10, 1),
('2024-03-09', 11, 1),
('2024-03-09', 12, 1),
('2024-03-09', 13, 1),
('2024-03-09', 14, 1),
('2024-03-09', 15, 1),
('2024-03-10', 1, 0),
('2024-03-10', 2, 1),
('2024-03-10', 3, 1),
('2024-03-10', 4, 1),
('2024-03-10', 5, 0),
('2024-03-10', 6, 0),
('2024-03-10', 7, 1),
('2024-03-10', 8, 0),
('2024-03-10', 9, 0),
('2024-03-10', 10, 0),
('2024-03-10', 11, 0),
('2024-03-10', 12, 1),
('2024-03-10', 13, 0),
('2024-03-10', 14, 1),
('2024-03-10', 15, 0),
('2024-03-11', 1, 0),
('2024-03-11', 2, 0),
('2024-03-11', 3, 0),
('2024-03-11', 4, 1),
('2024-03-11', 5, 1),
('2024-03-11', 6, 0),
('2024-03-11', 7, 0),
('2024-03-11', 8, 1),
('2024-03-11', 9, 1),
('2024-03-11', 10, 0),
('2024-03-11', 11, 0),
('2024-03-11', 12, 0),
('2024-03-11', 13, 1),
('2024-03-11', 14, 0),
('2024-03-11', 15, 1),
('2024-03-12', 1, 0),
('2024-03-12', 2, 1),
('2024-03-12', 3, 0),
('2024-03-12', 4, 0),
('2024-03-12', 5, 0),
('2024-03-12', 6, 1),
('2024-03-12', 7, 0),
('2024-03-12', 8, 0),
('2024-03-12', 9, 1),
('2024-03-12', 10, 1),
('2024-03-12', 11, 0),
('2024-03-12', 12, 1),
('2024-03-12', 13, 0),
('2024-03-12', 14, 0),
('2024-03-12', 15, 0),
('2024-03-13', 1, 1),
('2024-03-13', 2, 1),
('2024-03-13', 3, 0),
('2024-03-13', 4, 1),
('2024-03-13', 5, 0),
('2024-03-13', 6, 1),
('2024-03-13', 7, 0),
('2024-03-13', 8, 1),
('2024-03-13', 9, 1),
('2024-03-13', 10, 0),
('2024-03-13', 11, 0),
('2024-03-13', 12, 0),
('2024-03-13', 13, 0),
('2024-03-13', 14, 0),
('2024-03-13', 15, 0),
('2024-03-14', 1, 1),
('2024-03-14', 2, 1),
('2024-03-14', 3, 0),
('2024-03-14', 4, 0),
('2024-03-14', 5, 1),
('2024-03-14', 6, 1),
('2024-03-14', 7, 1),
('2024-03-14', 8, 1),
('2024-03-14', 9, 0),
('2024-03-14', 10, 1),
('2024-03-14', 11, 1),
('2024-03-14', 12, 1),
('2024-03-14', 13, 0),
('2024-03-14', 14, 0),
('2024-03-14', 15, 0),
('2024-03-15', 1, 1),
('2024-03-15', 2, 0),
('2024-03-15', 3, 0),
('2024-03-15', 4, 1),
('2024-03-15', 5, 0),
('2024-03-15', 6, 1),
('2024-03-15', 7, 1),
('2024-03-15', 8, 1),
('2024-03-15', 9, 0),
('2024-03-15', 10, 0),
('2024-03-15', 11, 0),
('2024-03-15', 12, 1),
('2024-03-15', 13, 1),
('2024-03-15', 14, 1),
('2024-03-15', 15, 0),
('2024-03-16', 1, 1),
('2024-03-16', 2, 1),
('2024-03-16', 3, 1),
('2024-03-16', 4, 0),
('2024-03-16', 5, 1),
('2024-03-16', 6, 1),
('2024-03-16', 7, 0),
('2024-03-16', 8, 1),
('2024-03-16', 9, 1),
('2024-03-16', 10, 0),
('2024-03-16', 11, 1),
('2024-03-16', 12, 1),
('2024-03-16', 13, 0),
('2024-03-16', 14, 0),
('2024-03-16', 15, 1),
('2024-03-17', 1, 1),
('2024-03-17', 2, 0),
('2024-03-17', 3, 1),
('2024-03-17', 4, 0),
('2024-03-17', 5, 1),
('2024-03-17', 6, 0),
('2024-03-17', 7, 0),
('2024-03-17', 8, 0),
('2024-03-17', 9, 0),
('2024-03-17', 10, 0),
('2024-03-17', 11, 1),
('2024-03-17', 12, 1),
('2024-03-17', 13, 1),
('2024-03-17', 14, 1),
('2024-03-17', 15, 1),
('2024-03-18', 1, 0),
('2024-03-18', 2, 0),
('2024-03-18', 3, 1),
('2024-03-18', 4, 1),
('2024-03-18', 5, 0),
('2024-03-18', 6, 0),
('2024-03-18', 7, 1),
('2024-03-18', 8, 0),
('2024-03-18', 9, 1),
('2024-03-18', 10, 1),
('2024-03-18', 11, 1),
('2024-03-18', 12, 1),
('2024-03-18', 13, 1),
('2024-03-18', 14, 0),
('2024-03-18', 15, 0),
('2024-03-19', 1, 1),
('2024-03-19', 2, 1),
('2024-03-19', 3, 0),
('2024-03-19', 4, 0),
('2024-03-19', 5, 0),
('2024-03-19', 6, 0),
('2024-03-19', 7, 1),
('2024-03-19', 8, 0),
('2024-03-19', 9, 1),
('2024-03-19', 10, 1),
('2024-03-19', 11, 0),
('2024-03-19', 12, 1),
('2024-03-19', 13, 1),
('2024-03-19', 14, 1),
('2024-03-19', 15, 1),
('2024-03-20', 1, 0),
('2024-03-20', 2, 1),
('2024-03-20', 3, 1),
('2024-03-20', 4, 0),
('2024-03-20', 5, 0),
('2024-03-20', 6, 0),
('2024-03-20', 7, 1),
('2024-03-20', 8, 0),
('2024-03-20', 9, 1),
('2024-03-20', 10, 0),
('2024-03-20', 11, 0),
('2024-03-20', 12, 1),
('2024-03-20', 13, 1),
('2024-03-20', 14, 1),
('2024-03-20', 15, 1),
('2024-03-21', 1, 0),
('2024-03-21', 2, 1),
('2024-03-21', 3, 0),
('2024-03-21', 4, 1),
('2024-03-21', 5, 0),
('2024-03-21', 6, 1),
('2024-03-21', 7, 0),
('2024-03-21', 8, 1),
('2024-03-21', 9, 1),
('2024-03-21', 10, 0),
('2024-03-21', 11, 1),
('2024-03-21', 12, 1),
('2024-03-21', 13, 1),
('2024-03-21', 14, 0),
('2024-03-21', 15, 0),
('2024-03-22', 1, 0),
('2024-03-22', 2, 0),
('2024-03-22', 3, 1),
('2024-03-22', 4, 0),
('2024-03-22', 5, 0),
('2024-03-22', 6, 0),
('2024-03-22', 7, 1),
('2024-03-22', 8, 1),
('2024-03-22', 9, 1),
('2024-03-22', 10, 1),
('2024-03-22', 11, 0),
('2024-03-22', 12, 1),
('2024-03-22', 13, 0),
('2024-03-22', 14, 0),
('2024-03-22', 15, 1),
('2024-03-23', 1, 0),
('2024-03-23', 2, 0),
('2024-03-23', 3, 0),
('2024-03-23', 4, 0),
('2024-03-23', 5, 0),
('2024-03-23', 6, 1),
('2024-03-23', 7, 0),
('2024-03-23', 8, 0),
('2024-03-23', 9, 0),
('2024-03-23', 10, 0),
('2024-03-23', 11, 0),
('2024-03-23', 12, 1),
('2024-03-23', 13, 0),
('2024-03-23', 14, 0),
('2024-03-23', 15, 0),
('2024-03-24', 1, 1),
('2024-03-24', 2, 0),
('2024-03-24', 3, 0),
('2024-03-24', 4, 0),
('2024-03-24', 5, 1),
('2024-03-24', 6, 0),
('2024-03-24', 7, 0),
('2024-03-24', 8, 1),
('2024-03-24', 9, 0),
('2024-03-24', 10, 1),
('2024-03-24', 11, 1),
('2024-03-24', 12, 1),
('2024-03-24', 13, 1),
('2024-03-24', 14, 0),
('2024-03-24', 15, 0),
('2024-03-25', 1, 0),
('2024-03-25', 2, 1),
('2024-03-25', 3, 0),
('2024-03-25', 4, 1),
('2024-03-25', 5, 0),
('2024-03-25', 6, 0),
('2024-03-25', 7, 1),
('2024-03-25', 8, 0),
('2024-03-25', 9, 1),
('2024-03-25', 10, 1),
('2024-03-25', 11, 0),
('2024-03-25', 12, 1),
('2024-03-25', 13, 0),
('2024-03-25', 14, 0),
('2024-03-25', 15, 0),
('2024-03-26', 1, 1),
('2024-03-26', 2, 1),
('2024-03-26', 3, 0),
('2024-03-26', 4, 0),
('2024-03-26', 5, 0),
('2024-03-26', 6, 0),
('2024-03-26', 7, 1),
('2024-03-26', 8, 0),
('2024-03-26', 9, 1),
('2024-03-26', 10, 0),
('2024-03-26', 11, 1),
('2024-03-26', 12, 1),
('2024-03-26', 13, 0),
('2024-03-26', 14, 1),
('2024-03-26', 15, 1),
('2024-03-27', 1, 1),
('2024-03-27', 2, 0),
('2024-03-27', 3, 1),
('2024-03-27', 4, 1),
('2024-03-27', 5, 0),
('2024-03-27', 6, 0),
('2024-03-27', 7, 0),
('2024-03-27', 8, 0),
('2024-03-27', 9, 0),
('2024-03-27', 10, 1),
('2024-03-27', 11, 0),
('2024-03-27', 12, 1),
('2024-03-27', 13, 1),
('2024-03-27', 14, 1),
('2024-03-27', 15, 1),
('2024-03-28', 1, 1),
('2024-03-28', 2, 1),
('2024-03-28', 3, 1),
('2024-03-28', 4, 1),
('2024-03-28', 5, 0),
('2024-03-28', 6, 1),
('2024-03-28', 7, 0),
('2024-03-28', 8, 1),
('2024-03-28', 9, 0),
('2024-03-28', 10, 1),
('2024-03-28', 11, 1),
('2024-03-28', 12, 0),
('2024-03-28', 13, 1),
('2024-03-28', 14, 0),
('2024-03-28', 15, 1),
('2024-03-29', 1, 1),
('2024-03-29', 2, 1),
('2024-03-29', 3, 0),
('2024-03-29', 4, 0),
('2024-03-29', 5, 1),
('2024-03-29', 6, 0),
('2024-03-29', 7, 0),
('2024-03-29', 8, 1),
('2024-03-29', 9, 1),
('2024-03-29', 10, 0),
('2024-03-29', 11, 0),
('2024-03-29', 12, 1),
('2024-03-29', 13, 1),
('2024-03-29', 14, 1),
('2024-03-29', 15, 1),
('2024-03-30', 1, 1),
('2024-03-30', 2, 0),
('2024-03-30', 3, 0),
('2024-03-30', 4, 0),
('2024-03-30', 5, 1),
('2024-03-30', 6, 1),
('2024-03-30', 7, 1),
('2024-03-30', 8, 0),
('2024-03-30', 9, 0),
('2024-03-30', 10, 0),
('2024-03-30', 11, 1),
('2024-03-30', 12, 1),
('2024-03-30', 13, 1),
('2024-03-30', 14, 0),
('2024-03-30', 15, 1),
('2024-03-31', 1, 1),
('2024-03-31', 2, 0),
('2024-03-31', 3, 0),
('2024-03-31', 4, 1),
('2024-03-31', 5, 0),
('2024-03-31', 6, 0),
('2024-03-31', 7, 0),
('2024-03-31', 8, 0),
('2024-03-31', 9, 1),
('2024-03-31', 10, 1),
('2024-03-31', 11, 1),
('2024-03-31', 12, 0),
('2024-03-31', 13, 1),
('2024-03-31', 14, 0),
('2024-03-31', 15, 0),
('2024-04-01', 1, 0),
('2024-04-01', 2, 0),
('2024-04-01', 3, 0),
('2024-04-01', 4, 0),
('2024-04-01', 5, 1),
('2024-04-01', 6, 0),
('2024-04-01', 7, 0),
('2024-04-01', 8, 1),
('2024-04-01', 9, 0),
('2024-04-01', 10, 0),
('2024-04-01', 11, 0),
('2024-04-01', 12, 1),
('2024-04-01', 13, 1),
('2024-04-01', 14, 0),
('2024-04-01', 15, 0),
('2024-04-02', 1, 0),
('2024-04-02', 2, 1),
('2024-04-02', 3, 1),
('2024-04-02', 4, 0),
('2024-04-02', 5, 0),
('2024-04-02', 6, 1),
('2024-04-02', 7, 1),
('2024-04-02', 8, 0),
('2024-04-02', 9, 0),
('2024-04-02', 10, 1),
('2024-04-02', 11, 0),
('2024-04-02', 12, 1),
('2024-04-02', 13, 1),
('2024-04-02', 14, 1),
('2024-04-02', 15, 0),
('2024-04-03', 1, 0),
('2024-04-03', 2, 1),
('2024-04-03', 3, 1),
('2024-04-03', 4, 1),
('2024-04-03', 5, 0),
('2024-04-03', 6, 0),
('2024-04-03', 7, 1),
('2024-04-03', 8, 0),
('2024-04-03', 9, 0),
('2024-04-03', 10, 1),
('2024-04-03', 11, 1),
('2024-04-03', 12, 0),
('2024-04-03', 13, 0),
('2024-04-03', 14, 0),
('2024-04-03', 15, 1),
('2024-04-04', 1, 1),
('2024-04-04', 2, 1),
('2024-04-04', 3, 1),
('2024-04-04', 4, 0),
('2024-04-04', 5, 0),
('2024-04-04', 6, 0),
('2024-04-04', 7, 0),
('2024-04-04', 8, 1),
('2024-04-04', 9, 1),
('2024-04-04', 10, 0),
('2024-04-04', 11, 1),
('2024-04-04', 12, 0),
('2024-04-04', 13, 0),
('2024-04-04', 14, 1),
('2024-04-04', 15, 1),
('2024-04-05', 1, 0),
('2024-04-05', 2, 1),
('2024-04-05', 3, 0),
('2024-04-05', 4, 0),
('2024-04-05', 5, 0),
('2024-04-05', 6, 0),
('2024-04-05', 7, 1),
('2024-04-05', 8, 0),
('2024-04-05', 9, 0),
('2024-04-05', 10, 0),
('2024-04-05', 11, 0),
('2024-04-05', 12, 0),
('2024-04-05', 13, 0),
('2024-04-05', 14, 1),
('2024-04-05', 15, 0),
('2024-04-06', 1, 0),
('2024-04-06', 2, 1),
('2024-04-06', 3, 0),
('2024-04-06', 4, 1),
('2024-04-06', 5, 0),
('2024-04-06', 6, 1),
('2024-04-06', 7, 1),
('2024-04-06', 8, 0),
('2024-04-06', 9, 0),
('2024-04-06', 10, 1),
('2024-04-06', 11, 1),
('2024-04-06', 12, 0),
('2024-04-06', 13, 0),
('2024-04-06', 14, 0),
('2024-04-06', 15, 0),
('2024-04-07', 1, 1),
('2024-04-07', 2, 1),
('2024-04-07', 3, 0),
('2024-04-07', 4, 1),
('2024-04-07', 5, 0),
('2024-04-07', 6, 1),
('2024-04-07', 7, 0),
('2024-04-07', 8, 0),
('2024-04-07', 9, 1),
('2024-04-07', 10, 1),
('2024-04-07', 11, 0),
('2024-04-07', 12, 0),
('2024-04-07', 13, 1),
('2024-04-07', 14, 1),
('2024-04-07', 15, 1),
('2024-04-08', 1, 0),
('2024-04-08', 2, 1),
('2024-04-08', 3, 1),
('2024-04-08', 4, 1),
('2024-04-08', 5, 1),
('2024-04-08', 6, 0),
('2024-04-08', 7, 0),
('2024-04-08', 8, 1),
('2024-04-08', 9, 0),
('2024-04-08', 10, 1),
('2024-04-08', 11, 1),
('2024-04-08', 12, 0),
('2024-04-08', 13, 0),
('2024-04-08', 14, 1),
('2024-04-08', 15, 0),
('2024-04-09', 1, 1),
('2024-04-09', 2, 1),
('2024-04-09', 3, 1),
('2024-04-09', 4, 1),
('2024-04-09', 5, 0),
('2024-04-09', 6, 0),
('2024-04-09', 7, 0),
('2024-04-09', 8, 1),
('2024-04-09', 9, 1),
('2024-04-09', 10, 0),
('2024-04-09', 11, 0),
('2024-04-09', 12, 0),
('2024-04-09', 13, 1),
('2024-04-09', 14, 1),
('2024-04-09', 15, 1),
('2024-04-10', 1, 1),
('2024-04-10', 2, 1),
('2024-04-10', 3, 0),
('2024-04-10', 4, 0),
('2024-04-10', 5, 1),
('2024-04-10', 6, 0),
('2024-04-10', 7, 1),
('2024-04-10', 8, 0),
('2024-04-10', 9, 0),
('2024-04-10', 10, 1),
('2024-04-10', 11, 0),
('2024-04-10', 12, 1),
('2024-04-10', 13, 1),
('2024-04-10', 14, 0),
('2024-04-10', 15, 1),
('2024-04-11', 1, 1),
('2024-04-11', 2, 1),
('2024-04-11', 3, 1),
('2024-04-11', 4, 1),
('2024-04-11', 5, 1),
('2024-04-11', 6, 0),
('2024-04-11', 7, 1),
('2024-04-11', 8, 0),
('2024-04-11', 9, 1),
('2024-04-11', 10, 1),
('2024-04-11', 11, 1),
('2024-04-11', 12, 1),
('2024-04-11', 13, 0),
('2024-04-11', 14, 0),
('2024-04-11', 15, 1),
('2024-04-12', 1, 0),
('2024-04-12', 2, 0),
('2024-04-12', 3, 1),
('2024-04-12', 4, 0),
('2024-04-12', 5, 1),
('2024-04-12', 6, 0),
('2024-04-12', 7, 0),
('2024-04-12', 8, 1),
('2024-04-12', 9, 1),
('2024-04-12', 10, 0),
('2024-04-12', 11, 0),
('2024-04-12', 12, 0),
('2024-04-12', 13, 0),
('2024-04-12', 14, 0),
('2024-04-12', 15, 0),
('2024-04-13', 1, 0),
('2024-04-13', 2, 0),
('2024-04-13', 3, 0),
('2024-04-13', 4, 0),
('2024-04-13', 5, 0),
('2024-04-13', 6, 1),
('2024-04-13', 7, 0),
('2024-04-13', 8, 1),
('2024-04-13', 9, 0),
('2024-04-13', 10, 0),
('2024-04-13', 11, 1),
('2024-04-13', 12, 1),
('2024-04-13', 13, 0),
('2024-04-13', 14, 0),
('2024-04-13', 15, 1),
('2024-04-14', 1, 1),
('2024-04-14', 2, 0),
('2024-04-14', 3, 0),
('2024-04-14', 4, 0),
('2024-04-14', 5, 0),
('2024-04-14', 6, 0),
('2024-04-14', 7, 0),
('2024-04-14', 8, 1),
('2024-04-14', 9, 0),
('2024-04-14', 10, 0),
('2024-04-14', 11, 1),
('2024-04-14', 12, 0),
('2024-04-14', 13, 0),
('2024-04-14', 14, 1),
('2024-04-14', 15, 1),
('2024-04-15', 1, 0),
('2024-04-15', 2, 0),
('2024-04-15', 3, 0),
('2024-04-15', 4, 1),
('2024-04-15', 5, 1),
('2024-04-15', 6, 1),
('2024-04-15', 7, 1),
('2024-04-15', 8, 0),
('2024-04-15', 9, 1),
('2024-04-15', 10, 0),
('2024-04-15', 11, 0),
('2024-04-15', 12, 1),
('2024-04-15', 13, 1),
('2024-04-15', 14, 0),
('2024-04-15', 15, 0),
('2024-04-16', 1, 0),
('2024-04-16', 2, 0),
('2024-04-16', 3, 1),
('2024-04-16', 4, 0),
('2024-04-16', 5, 1),
('2024-04-16', 6, 0),
('2024-04-16', 7, 0),
('2024-04-16', 8, 1),
('2024-04-16', 9, 0),
('2024-04-16', 10, 0),
('2024-04-16', 11, 0),
('2024-04-16', 12, 0),
('2024-04-16', 13, 1),
('2024-04-16', 14, 1),
('2024-04-16', 15, 1),
('2024-04-17', 1, 1),
('2024-04-17', 2, 1),
('2024-04-17', 3, 0),
('2024-04-17', 4, 1),
('2024-04-17', 5, 1),
('2024-04-17', 6, 0),
('2024-04-17', 7, 0),
('2024-04-17', 8, 1),
('2024-04-17', 9, 1),
('2024-04-17', 10, 0),
('2024-04-17', 11, 0),
('2024-04-17', 12, 1),
('2024-04-17', 13, 1),
('2024-04-17', 14, 1),
('2024-04-17', 15, 1),
('2024-04-18', 1, 1),
('2024-04-18', 2, 1),
('2024-04-18', 3, 1),
('2024-04-18', 4, 1),
('2024-04-18', 5, 1),
('2024-04-18', 6, 1),
('2024-04-18', 7, 1),
('2024-04-18', 8, 0),
('2024-04-18', 9, 0),
('2024-04-18', 10, 1),
('2024-04-18', 11, 1),
('2024-04-18', 12, 1),
('2024-04-18', 13, 0),
('2024-04-18', 14, 0),
('2024-04-18', 15, 0),
('2024-04-19', 1, 0),
('2024-04-19', 2, 1),
('2024-04-19', 3, 0),
('2024-04-19', 4, 0),
('2024-04-19', 5, 0),
('2024-04-19', 6, 0),
('2024-04-19', 7, 0),
('2024-04-19', 8, 1),
('2024-04-19', 9, 1),
('2024-04-19', 10, 1),
('2024-04-19', 11, 1),
('2024-04-19', 12, 0),
('2024-04-19', 13, 1),
('2024-04-19', 14, 1),
('2024-04-19', 15, 1),
('2024-04-20', 1, 1),
('2024-04-20', 2, 0),
('2024-04-20', 3, 0),
('2024-04-20', 4, 1),
('2024-04-20', 5, 0),
('2024-04-20', 6, 1),
('2024-04-20', 7, 0),
('2024-04-20', 8, 1),
('2024-04-20', 9, 0),
('2024-04-20', 10, 1),
('2024-04-20', 11, 0),
('2024-04-20', 12, 1),
('2024-04-20', 13, 0),
('2024-04-20', 14, 0),
('2024-04-20', 15, 0),
('2024-04-21', 1, 0),
('2024-04-21', 2, 1),
('2024-04-21', 3, 0),
('2024-04-21', 4, 0),
('2024-04-21', 5, 0),
('2024-04-21', 6, 0),
('2024-04-21', 7, 0),
('2024-04-21', 8, 0),
('2024-04-21', 9, 0),
('2024-04-21', 10, 1),
('2024-04-21', 11, 0),
('2024-04-21', 12, 1),
('2024-04-21', 13, 1),
('2024-04-21', 14, 0),
('2024-04-21', 15, 1),
('2024-04-22', 1, 0),
('2024-04-22', 2, 1),
('2024-04-22', 3, 1),
('2024-04-22', 4, 1),
('2024-04-22', 5, 1),
('2024-04-22', 6, 0),
('2024-04-22', 7, 0),
('2024-04-22', 8, 0),
('2024-04-22', 9, 0),
('2024-04-22', 10, 0),
('2024-04-22', 11, 0),
('2024-04-22', 12, 1),
('2024-04-22', 13, 0),
('2024-04-22', 14, 1),
('2024-04-22', 15, 0),
('2024-04-23', 1, 1),
('2024-04-23', 2, 1),
('2024-04-23', 3, 1),
('2024-04-23', 4, 0),
('2024-04-23', 5, 1),
('2024-04-23', 6, 1),
('2024-04-23', 7, 1),
('2024-04-23', 8, 0),
('2024-04-23', 9, 0),
('2024-04-23', 10, 0),
('2024-04-23', 11, 1),
('2024-04-23', 12, 0),
('2024-04-23', 13, 1),
('2024-04-23', 14, 1),
('2024-04-23', 15, 1),
('2024-04-24', 1, 0),
('2024-04-24', 2, 1),
('2024-04-24', 3, 0),
('2024-04-24', 4, 1),
('2024-04-24', 5, 0),
('2024-04-24', 6, 1),
('2024-04-24', 7, 0),
('2024-04-24', 8, 0),
('2024-04-24', 9, 1),
('2024-04-24', 10, 1),
('2024-04-24', 11, 1),
('2024-04-24', 12, 0),
('2024-04-24', 13, 1),
('2024-04-24', 14, 1),
('2024-04-24', 15, 1),
('2024-04-25', 1, 1),
('2024-04-25', 2, 1),
('2024-04-25', 3, 0),
('2024-04-25', 4, 1),
('2024-04-25', 5, 0),
('2024-04-25', 6, 1),
('2024-04-25', 7, 1),
('2024-04-25', 8, 0),
('2024-04-25', 9, 0),
('2024-04-25', 10, 1),
('2024-04-25', 11, 0),
('2024-04-25', 12, 0),
('2024-04-25', 13, 0),
('2024-04-25', 14, 0),
('2024-04-25', 15, 0),
('2024-04-26', 1, 0),
('2024-04-26', 2, 1),
('2024-04-26', 3, 0),
('2024-04-26', 4, 0),
('2024-04-26', 5, 1),
('2024-04-26', 6, 1),
('2024-04-26', 7, 0),
('2024-04-26', 8, 0),
('2024-04-26', 9, 0),
('2024-04-26', 10, 1),
('2024-04-26', 11, 1),
('2024-04-26', 12, 1),
('2024-04-26', 13, 1),
('2024-04-26', 14, 1),
('2024-04-26', 15, 1),
('2024-04-27', 1, 1),
('2024-04-27', 2, 0),
('2024-04-27', 3, 0),
('2024-04-27', 4, 0),
('2024-04-27', 5, 0),
('2024-04-27', 6, 1),
('2024-04-27', 7, 1),
('2024-04-27', 8, 0),
('2024-04-27', 9, 0),
('2024-04-27', 10, 1),
('2024-04-27', 11, 0),
('2024-04-27', 12, 0),
('2024-04-27', 13, 1),
('2024-04-27', 14, 1),
('2024-04-27', 15, 1),
('2024-04-28', 1, 1),
('2024-04-28', 2, 0),
('2024-04-28', 3, 1),
('2024-04-28', 4, 0),
('2024-04-28', 5, 0),
('2024-04-28', 6, 1),
('2024-04-28', 7, 1),
('2024-04-28', 8, 1),
('2024-04-28', 9, 1),
('2024-04-28', 10, 0),
('2024-04-28', 11, 0),
('2024-04-28', 12, 0),
('2024-04-28', 13, 1),
('2024-04-28', 14, 1),
('2024-04-28', 15, 0),
('2024-04-29', 1, 1),
('2024-04-29', 2, 0),
('2024-04-29', 3, 1),
('2024-04-29', 4, 1),
('2024-04-29', 5, 0),
('2024-04-29', 6, 1),
('2024-04-29', 7, 1),
('2024-04-29', 8, 0),
('2024-04-29', 9, 1),
('2024-04-29', 10, 1),
('2024-04-29', 11, 1),
('2024-04-29', 12, 1),
('2024-04-29', 13, 1),
('2024-04-29', 14, 1),
('2024-04-29', 15, 1),
('2024-04-30', 1, 0),
('2024-04-30', 2, 0),
('2024-04-30', 3, 1),
('2024-04-30', 4, 0),
('2024-04-30', 5, 0),
('2024-04-30', 6, 0),
('2024-04-30', 7, 1),
('2024-04-30', 8, 1),
('2024-04-30', 9, 0),
('2024-04-30', 10, 0),
('2024-04-30', 11, 1),
('2024-04-30', 12, 0),
('2024-04-30', 13, 0),
('2024-04-30', 14, 0),
('2024-04-30', 15, 0),
('2024-05-01', 1, 1),
('2024-05-01', 2, 1),
('2024-05-01', 3, 1),
('2024-05-01', 4, 1),
('2024-05-01', 5, 0),
('2024-05-01', 6, 1),
('2024-05-01', 7, 1),
('2024-05-01', 8, 0),
('2024-05-01', 9, 1),
('2024-05-01', 10, 0),
('2024-05-01', 11, 1),
('2024-05-01', 12, 0),
('2024-05-01', 13, 0),
('2024-05-01', 14, 0),
('2024-05-01', 15, 0),
('2024-05-02', 1, 1),
('2024-05-02', 2, 1),
('2024-05-02', 3, 1),
('2024-05-02', 4, 0),
('2024-05-02', 5, 1),
('2024-05-02', 6, 0),
('2024-05-02', 7, 0),
('2024-05-02', 8, 0),
('2024-05-02', 9, 0),
('2024-05-02', 10, 1),
('2024-05-02', 11, 0),
('2024-05-02', 12, 0),
('2024-05-02', 13, 1),
('2024-05-02', 14, 0),
('2024-05-02', 15, 1),
('2024-05-03', 1, 0),
('2024-05-03', 2, 1),
('2024-05-03', 3, 0),
('2024-05-03', 4, 1),
('2024-05-03', 5, 1),
('2024-05-03', 6, 0),
('2024-05-03', 7, 0),
('2024-05-03', 8, 0),
('2024-05-03', 9, 1),
('2024-05-03', 10, 0),
('2024-05-03', 11, 1),
('2024-05-03', 12, 1),
('2024-05-03', 13, 1),
('2024-05-03', 14, 0),
('2024-05-03', 15, 0),
('2024-05-04', 1, 1),
('2024-05-04', 2, 1),
('2024-05-04', 3, 1),
('2024-05-04', 4, 1),
('2024-05-04', 5, 0),
('2024-05-04', 6, 0),
('2024-05-04', 7, 0),
('2024-05-04', 8, 0),
('2024-05-04', 9, 1),
('2024-05-04', 10, 1),
('2024-05-04', 11, 1),
('2024-05-04', 12, 0),
('2024-05-04', 13, 0),
('2024-05-04', 14, 0),
('2024-05-04', 15, 0),
('2024-05-05', 1, 0),
('2024-05-05', 2, 0),
('2024-05-05', 3, 1),
('2024-05-05', 4, 0),
('2024-05-05', 5, 0),
('2024-05-05', 6, 1),
('2024-05-05', 7, 0),
('2024-05-05', 8, 1),
('2024-05-05', 9, 1),
('2024-05-05', 10, 1),
('2024-05-05', 11, 0),
('2024-05-05', 12, 0),
('2024-05-05', 13, 1),
('2024-05-05', 14, 0),
('2024-05-05', 15, 1),
('2024-05-06', 1, 1),
('2024-05-06', 2, 1),
('2024-05-06', 3, 1),
('2024-05-06', 4, 0),
('2024-05-06', 5, 1),
('2024-05-06', 6, 1),
('2024-05-06', 7, 1),
('2024-05-06', 8, 0),
('2024-05-06', 9, 1),
('2024-05-06', 10, 1),
('2024-05-06', 11, 1),
('2024-05-06', 12, 0),
('2024-05-06', 13, 0),
('2024-05-06', 14, 0),
('2024-05-06', 15, 1),
('2024-05-07', 1, 1),
('2024-05-07', 2, 1),
('2024-05-07', 3, 1),
('2024-05-07', 4, 0),
('2024-05-07', 5, 1),
('2024-05-07', 6, 0),
('2024-05-07', 7, 1),
('2024-05-07', 8, 0),
('2024-05-07', 9, 0),
('2024-05-07', 10, 0),
('2024-05-07', 11, 0),
('2024-05-07', 12, 1),
('2024-05-07', 13, 1),
('2024-05-07', 14, 1),
('2024-05-07', 15, 1),
('2024-05-08', 1, 1),
('2024-05-08', 2, 0),
('2024-05-08', 3, 0),
('2024-05-08', 4, 0),
('2024-05-08', 5, 0),
('2024-05-08', 6, 1),
('2024-05-08', 7, 1),
('2024-05-08', 8, 0),
('2024-05-08', 9, 0),
('2024-05-08', 10, 1),
('2024-05-08', 11, 1),
('2024-05-08', 12, 0),
('2024-05-08', 13, 0),
('2024-05-08', 14, 0),
('2024-05-08', 15, 0),
('2024-05-09', 1, 0),
('2024-05-09', 2, 0),
('2024-05-09', 3, 0),
('2024-05-09', 4, 1),
('2024-05-09', 5, 0),
('2024-05-09', 6, 1),
('2024-05-09', 7, 1),
('2024-05-09', 8, 1),
('2024-05-09', 9, 0),
('2024-05-09', 10, 1),
('2024-05-09', 11, 0),
('2024-05-09', 12, 0),
('2024-05-09', 13, 1),
('2024-05-09', 14, 1),
('2024-05-09', 15, 1),
('2024-05-10', 1, 1),
('2024-05-10', 2, 1),
('2024-05-10', 3, 1),
('2024-05-10', 4, 0),
('2024-05-10', 5, 1),
('2024-05-10', 6, 0),
('2024-05-10', 7, 1),
('2024-05-10', 8, 1),
('2024-05-10', 9, 1),
('2024-05-10', 10, 1),
('2024-05-10', 11, 0),
('2024-05-10', 12, 0),
('2024-05-10', 13, 0),
('2024-05-10', 14, 0),
('2024-05-10', 15, 1),
('2024-05-11', 1, 0),
('2024-05-11', 2, 1),
('2024-05-11', 3, 0),
('2024-05-11', 4, 1),
('2024-05-11', 5, 0),
('2024-05-11', 6, 0),
('2024-05-11', 7, 1),
('2024-05-11', 8, 1),
('2024-05-11', 9, 0),
('2024-05-11', 10, 0),
('2024-05-11', 11, 0),
('2024-05-11', 12, 0),
('2024-05-11', 13, 0),
('2024-05-11', 14, 1),
('2024-05-11', 15, 1),
('2024-05-12', 1, 1),
('2024-05-12', 2, 0),
('2024-05-12', 3, 0),
('2024-05-12', 4, 1),
('2024-05-12', 5, 1),
('2024-05-12', 6, 0),
('2024-05-12', 7, 0),
('2024-05-12', 8, 0),
('2024-05-12', 9, 0),
('2024-05-12', 10, 0),
('2024-05-12', 11, 0),
('2024-05-12', 12, 1),
('2024-05-12', 13, 0),
('2024-05-12', 14, 0),
('2024-05-12', 15, 0),
('2024-05-13', 1, 1),
('2024-05-13', 2, 1),
('2024-05-13', 3, 1),
('2024-05-13', 4, 1),
('2024-05-13', 5, 0),
('2024-05-13', 6, 0),
('2024-05-13', 7, 1),
('2024-05-13', 8, 0),
('2024-05-13', 9, 1),
('2024-05-13', 10, 0),
('2024-05-13', 11, 0),
('2024-05-13', 12, 1),
('2024-05-13', 13, 0),
('2024-05-13', 14, 1),
('2024-05-13', 15, 1),
('2024-05-14', 1, 0),
('2024-05-14', 2, 1),
('2024-05-14', 3, 0),
('2024-05-14', 4, 0),
('2024-05-14', 5, 0),
('2024-05-14', 6, 0),
('2024-05-14', 7, 1),
('2024-05-14', 8, 1),
('2024-05-14', 9, 1),
('2024-05-14', 10, 1),
('2024-05-14', 11, 0),
('2024-05-14', 12, 0),
('2024-05-14', 13, 1),
('2024-05-14', 14, 1),
('2024-05-14', 15, 0),
('2024-05-15', 1, 0),
('2024-05-15', 2, 1),
('2024-05-15', 3, 0),
('2024-05-15', 4, 0),
('2024-05-15', 5, 1),
('2024-05-15', 6, 1),
('2024-05-15', 7, 1),
('2024-05-15', 8, 0),
('2024-05-15', 9, 1),
('2024-05-15', 10, 0),
('2024-05-15', 11, 0),
('2024-05-15', 12, 1),
('2024-05-15', 13, 0),
('2024-05-15', 14, 1),
('2024-05-15', 15, 0),
('2024-05-16', 1, 0),
('2024-05-16', 2, 1),
('2024-05-16', 3, 0),
('2024-05-16', 4, 1),
('2024-05-16', 5, 0),
('2024-05-16', 6, 0),
('2024-05-16', 7, 1),
('2024-05-16', 8, 0),
('2024-05-16', 9, 0),
('2024-05-16', 10, 0),
('2024-05-16', 11, 0),
('2024-05-16', 12, 0),
('2024-05-16', 13, 0),
('2024-05-16', 14, 1),
('2024-05-16', 15, 1),
('2024-05-17', 1, 1),
('2024-05-17', 2, 0),
('2024-05-17', 3, 0),
('2024-05-17', 4, 0),
('2024-05-17', 5, 1),
('2024-05-17', 6, 0),
('2024-05-17', 7, 0),
('2024-05-17', 8, 0),
('2024-05-17', 9, 0),
('2024-05-17', 10, 1),
('2024-05-17', 11, 1),
('2024-05-17', 12, 1),
('2024-05-17', 13, 1),
('2024-05-17', 14, 1),
('2024-05-17', 15, 1),
('2024-05-18', 1, 1),
('2024-05-18', 2, 0),
('2024-05-18', 3, 0),
('2024-05-18', 4, 1),
('2024-05-18', 5, 0),
('2024-05-18', 6, 0),
('2024-05-18', 7, 0),
('2024-05-18', 8, 1),
('2024-05-18', 9, 0),
('2024-05-18', 10, 0),
('2024-05-18', 11, 0),
('2024-05-18', 12, 1),
('2024-05-18', 13, 1),
('2024-05-18', 14, 1),
('2024-05-18', 15, 0),
('2024-05-19', 1, 0),
('2024-05-19', 2, 0),
('2024-05-19', 3, 1),
('2024-05-19', 4, 1),
('2024-05-19', 5, 0),
('2024-05-19', 6, 1),
('2024-05-19', 7, 0),
('2024-05-19', 8, 0),
('2024-05-19', 9, 0),
('2024-05-19', 10, 1),
('2024-05-19', 11, 0),
('2024-05-19', 12, 0),
('2024-05-19', 13, 1),
('2024-05-19', 14, 1),
('2024-05-19', 15, 1),
('2024-05-20', 1, 0),
('2024-05-20', 2, 0),
('2024-05-20', 3, 0),
('2024-05-20', 4, 1),
('2024-05-20', 5, 0),
('2024-05-20', 6, 0),
('2024-05-20', 7, 1),
('2024-05-20', 8, 0),
('2024-05-20', 9, 1),
('2024-05-20', 10, 0),
('2024-05-20', 11, 0),
('2024-05-20', 12, 0),
('2024-05-20', 13, 1),
('2024-05-20', 14, 1),
('2024-05-20', 15, 1),
('2024-05-21', 1, 1),
('2024-05-21', 2, 0),
('2024-05-21', 3, 0),
('2024-05-21', 4, 0),
('2024-05-21', 5, 0),
('2024-05-21', 6, 1),
('2024-05-21', 7, 0),
('2024-05-21', 8, 1),
('2024-05-21', 9, 1),
('2024-05-21', 10, 0),
('2024-05-21', 11, 0),
('2024-05-21', 12, 0),
('2024-05-21', 13, 1),
('2024-05-21', 14, 0),
('2024-05-21', 15, 1),
('2024-05-22', 1, 0),
('2024-05-22', 2, 1),
('2024-05-22', 3, 1),
('2024-05-22', 4, 1),
('2024-05-22', 5, 1),
('2024-05-22', 6, 0),
('2024-05-22', 7, 0),
('2024-05-22', 8, 0),
('2024-05-22', 9, 0),
('2024-05-22', 10, 0),
('2024-05-22', 11, 1),
('2024-05-22', 12, 1),
('2024-05-22', 13, 1),
('2024-05-22', 14, 0),
('2024-05-22', 15, 0),
('2024-05-23', 1, 1),
('2024-05-23', 2, 1),
('2024-05-23', 3, 0),
('2024-05-23', 4, 1),
('2024-05-23', 5, 0),
('2024-05-23', 6, 1),
('2024-05-23', 7, 0),
('2024-05-23', 8, 1),
('2024-05-23', 9, 1),
('2024-05-23', 10, 0),
('2024-05-23', 11, 1),
('2024-05-23', 12, 1),
('2024-05-23', 13, 1),
('2024-05-23', 14, 1),
('2024-05-23', 15, 1),
('2024-05-24', 1, 1),
('2024-05-24', 2, 1),
('2024-05-24', 3, 1),
('2024-05-24', 4, 0),
('2024-05-24', 5, 1),
('2024-05-24', 6, 1),
('2024-05-24', 7, 0),
('2024-05-24', 8, 1),
('2024-05-24', 9, 1),
('2024-05-24', 10, 1),
('2024-05-24', 11, 1),
('2024-05-24', 12, 1),
('2024-05-24', 13, 1),
('2024-05-24', 14, 1),
('2024-05-24', 15, 0),
('2024-05-25', 1, 0),
('2024-05-25', 2, 0),
('2024-05-25', 3, 0),
('2024-05-25', 4, 1),
('2024-05-25', 5, 0),
('2024-05-25', 6, 1),
('2024-05-25', 7, 1),
('2024-05-25', 8, 1),
('2024-05-25', 9, 1),
('2024-05-25', 10, 0),
('2024-05-25', 11, 1),
('2024-05-25', 12, 0),
('2024-05-25', 13, 1),
('2024-05-25', 14, 1),
('2024-05-25', 15, 0),
('2024-05-26', 1, 0),
('2024-05-26', 2, 0),
('2024-05-26', 3, 0),
('2024-05-26', 4, 1),
('2024-05-26', 5, 0),
('2024-05-26', 6, 1),
('2024-05-26', 7, 1),
('2024-05-26', 8, 0),
('2024-05-26', 9, 0),
('2024-05-26', 10, 1),
('2024-05-26', 11, 0),
('2024-05-26', 12, 0),
('2024-05-26', 13, 1),
('2024-05-26', 14, 1),
('2024-05-26', 15, 1),
('2024-05-27', 1, 1),
('2024-05-27', 2, 1),
('2024-05-27', 3, 1),
('2024-05-27', 4, 0),
('2024-05-27', 5, 0),
('2024-05-27', 6, 0),
('2024-05-27', 7, 1),
('2024-05-27', 8, 1),
('2024-05-27', 9, 0),
('2024-05-27', 10, 0),
('2024-05-27', 11, 0),
('2024-05-27', 12, 0),
('2024-05-27', 13, 1),
('2024-05-27', 14, 1),
('2024-05-27', 15, 1),
('2024-05-28', 1, 1),
('2024-05-28', 2, 1),
('2024-05-28', 3, 1),
('2024-05-28', 4, 0),
('2024-05-28', 5, 1),
('2024-05-28', 6, 1),
('2024-05-28', 7, 1),
('2024-05-28', 8, 0),
('2024-05-28', 9, 0),
('2024-05-28', 10, 1),
('2024-05-28', 11, 0),
('2024-05-28', 12, 1),
('2024-05-28', 13, 0),
('2024-05-28', 14, 1),
('2024-05-28', 15, 0),
('2024-05-29', 1, 1),
('2024-05-29', 2, 0),
('2024-05-29', 3, 0),
('2024-05-29', 4, 1),
('2024-05-29', 5, 0),
('2024-05-29', 6, 0),
('2024-05-29', 7, 1),
('2024-05-29', 8, 0),
('2024-05-29', 9, 0),
('2024-05-29', 10, 0),
('2024-05-29', 11, 1),
('2024-05-29', 12, 1),
('2024-05-29', 13, 1),
('2024-05-29', 14, 1),
('2024-05-29', 15, 1),
('2024-05-30', 1, 1),
('2024-05-30', 2, 1),
('2024-05-30', 3, 1),
('2024-05-30', 4, 1),
('2024-05-30', 5, 0),
('2024-05-30', 6, 1),
('2024-05-30', 7, 0),
('2024-05-30', 8, 0),
('2024-05-30', 9, 0),
('2024-05-30', 10, 0),
('2024-05-30', 11, 1),
('2024-05-30', 12, 0),
('2024-05-30', 13, 1),
('2024-05-30', 14, 1),
('2024-05-30', 15, 0),
('2024-05-31', 1, 1),
('2024-05-31', 2, 1),
('2024-05-31', 3, 1),
('2024-05-31', 4, 1),
('2024-05-31', 5, 1),
('2024-05-31', 6, 0),
('2024-05-31', 7, 0),
('2024-05-31', 8, 1),
('2024-05-31', 9, 0),
('2024-05-31', 10, 0),
('2024-05-31', 11, 1),
('2024-05-31', 12, 1),
('2024-05-31', 13, 1),
('2024-05-31', 14, 1),
('2024-05-31', 15, 1),
('2024-06-01', 1, 0),
('2024-06-01', 2, 1),
('2024-06-01', 3, 0),
('2024-06-01', 4, 0),
('2024-06-01', 5, 1),
('2024-06-01', 6, 1),
('2024-06-01', 7, 1),
('2024-06-01', 8, 0),
('2024-06-01', 9, 1),
('2024-06-01', 10, 0),
('2024-06-01', 11, 1),
('2024-06-01', 12, 1),
('2024-06-01', 13, 1),
('2024-06-01', 14, 0),
('2024-06-01', 15, 1),
('2024-06-02', 1, 1),
('2024-06-02', 2, 1),
('2024-06-02', 3, 1),
('2024-06-02', 4, 1),
('2024-06-02', 5, 0),
('2024-06-02', 6, 0),
('2024-06-02', 7, 1),
('2024-06-02', 8, 1),
('2024-06-02', 9, 1),
('2024-06-02', 10, 0),
('2024-06-02', 11, 0),
('2024-06-02', 12, 1),
('2024-06-02', 13, 0),
('2024-06-02', 14, 1),
('2024-06-02', 15, 0),
('2024-06-03', 1, 1),
('2024-06-03', 2, 1),
('2024-06-03', 3, 1),
('2024-06-03', 4, 1),
('2024-06-03', 5, 0),
('2024-06-03', 6, 1),
('2024-06-03', 7, 1),
('2024-06-03', 8, 1),
('2024-06-03', 9, 0),
('2024-06-03', 10, 1),
('2024-06-03', 11, 0),
('2024-06-03', 12, 0),
('2024-06-03', 13, 0),
('2024-06-03', 14, 1),
('2024-06-03', 15, 1),
('2024-06-04', 1, 1),
('2024-06-04', 2, 1),
('2024-06-04', 3, 1),
('2024-06-04', 4, 0),
('2024-06-04', 5, 1),
('2024-06-04', 6, 1),
('2024-06-04', 7, 1),
('2024-06-04', 8, 0),
('2024-06-04', 9, 1),
('2024-06-04', 10, 1),
('2024-06-04', 11, 1),
('2024-06-04', 12, 0),
('2024-06-04', 13, 0),
('2024-06-04', 14, 1),
('2024-06-04', 15, 0),
('2024-06-05', 1, 1),
('2024-06-05', 2, 0),
('2024-06-05', 3, 0),
('2024-06-05', 4, 1),
('2024-06-05', 5, 1),
('2024-06-05', 6, 0),
('2024-06-05', 7, 1),
('2024-06-05', 8, 0),
('2024-06-05', 9, 1),
('2024-06-05', 10, 1),
('2024-06-05', 11, 0),
('2024-06-05', 12, 1),
('2024-06-05', 13, 0),
('2024-06-05', 14, 1),
('2024-06-05', 15, 1),
('2024-06-06', 1, 0),
('2024-06-06', 2, 1),
('2024-06-06', 3, 1),
('2024-06-06', 4, 0),
('2024-06-06', 5, 0),
('2024-06-06', 6, 1),
('2024-06-06', 7, 1),
('2024-06-06', 8, 1),
('2024-06-06', 9, 1),
('2024-06-06', 10, 0),
('2024-06-06', 11, 0),
('2024-06-06', 12, 1),
('2024-06-06', 13, 0),
('2024-06-06', 14, 1),
('2024-06-06', 15, 1),
('2024-06-07', 1, 0),
('2024-06-07', 2, 0),
('2024-06-07', 3, 1),
('2024-06-07', 4, 0),
('2024-06-07', 5, 0),
('2024-06-07', 6, 0),
('2024-06-07', 7, 0),
('2024-06-07', 8, 0),
('2024-06-07', 9, 0),
('2024-06-07', 10, 1),
('2024-06-07', 11, 0),
('2024-06-07', 12, 0),
('2024-06-07', 13, 1),
('2024-06-07', 14, 1),
('2024-06-07', 15, 1),
('2024-06-08', 1, 0),
('2024-06-08', 2, 0),
('2024-06-08', 3, 0),
('2024-06-08', 4, 1),
('2024-06-08', 5, 1),
('2024-06-08', 6, 0),
('2024-06-08', 7, 0),
('2024-06-08', 8, 0),
('2024-06-08', 9, 1),
('2024-06-08', 10, 1),
('2024-06-08', 11, 1),
('2024-06-08', 12, 0),
('2024-06-08', 13, 0),
('2024-06-08', 14, 0),
('2024-06-08', 15, 1),
('2024-06-09', 1, 1),
('2024-06-09', 2, 0),
('2024-06-09', 3, 1),
('2024-06-09', 4, 0),
('2024-06-09', 5, 0),
('2024-06-09', 6, 0),
('2024-06-09', 7, 1),
('2024-06-09', 8, 0),
('2024-06-09', 9, 1),
('2024-06-09', 10, 0),
('2024-06-09', 11, 0),
('2024-06-09', 12, 0),
('2024-06-09', 13, 1),
('2024-06-09', 14, 1),
('2024-06-09', 15, 1),
('2024-06-10', 1, 1),
('2024-06-10', 2, 1),
('2024-06-10', 3, 1),
('2024-06-10', 4, 1),
('2024-06-10', 5, 1),
('2024-06-10', 6, 0),
('2024-06-10', 7, 1),
('2024-06-10', 8, 1),
('2024-06-10', 9, 0),
('2024-06-10', 10, 0),
('2024-06-10', 11, 1),
('2024-06-10', 12, 1),
('2024-06-10', 13, 1),
('2024-06-10', 14, 1),
('2024-06-10', 15, 1),
('2024-06-11', 1, 0),
('2024-06-11', 2, 1),
('2024-06-11', 3, 1),
('2024-06-11', 4, 1),
('2024-06-11', 5, 1),
('2024-06-11', 6, 1),
('2024-06-11', 7, 1),
('2024-06-11', 8, 0),
('2024-06-11', 9, 1),
('2024-06-11', 10, 1),
('2024-06-11', 11, 0),
('2024-06-11', 12, 1),
('2024-06-11', 13, 0),
('2024-06-11', 14, 0),
('2024-06-11', 15, 0),
('2024-06-12', 1, 0),
('2024-06-12', 2, 0);
INSERT INTO `produccion` (`fecha_recogida`, `id_gallina`, `cantidad`) VALUES
('2024-06-12', 3, 0),
('2024-06-12', 4, 1),
('2024-06-12', 5, 0),
('2024-06-12', 6, 0),
('2024-06-12', 7, 1),
('2024-06-12', 8, 1),
('2024-06-12', 9, 1),
('2024-06-12', 10, 0),
('2024-06-12', 11, 1),
('2024-06-12', 12, 0),
('2024-06-12', 13, 1),
('2024-06-12', 14, 0),
('2024-06-12', 15, 1),
('2024-06-13', 1, 0),
('2024-06-13', 2, 0),
('2024-06-13', 3, 1),
('2024-06-13', 4, 1),
('2024-06-13', 5, 0),
('2024-06-13', 6, 1),
('2024-06-13', 7, 1),
('2024-06-13', 8, 1),
('2024-06-13', 9, 1),
('2024-06-13', 10, 1),
('2024-06-13', 11, 0),
('2024-06-13', 12, 0),
('2024-06-13', 13, 1),
('2024-06-13', 14, 0),
('2024-06-13', 15, 0),
('2024-06-14', 1, 1),
('2024-06-14', 2, 0),
('2024-06-14', 3, 0),
('2024-06-14', 4, 1),
('2024-06-14', 5, 0),
('2024-06-14', 6, 1),
('2024-06-14', 7, 1),
('2024-06-14', 8, 0),
('2024-06-14', 9, 1),
('2024-06-14', 10, 0),
('2024-06-14', 11, 1),
('2024-06-14', 12, 1),
('2024-06-14', 13, 0),
('2024-06-14', 14, 0),
('2024-06-14', 15, 1),
('2024-06-15', 1, 1),
('2024-06-15', 2, 1),
('2024-06-15', 3, 1),
('2024-06-15', 4, 0),
('2024-06-15', 5, 0),
('2024-06-15', 6, 0),
('2024-06-15', 7, 1),
('2024-06-15', 8, 0),
('2024-06-15', 9, 1),
('2024-06-15', 10, 1),
('2024-06-15', 11, 1),
('2024-06-15', 12, 0),
('2024-06-15', 13, 1),
('2024-06-15', 14, 0),
('2024-06-15', 15, 1),
('2024-06-16', 1, 1),
('2024-06-16', 2, 1),
('2024-06-16', 3, 0),
('2024-06-16', 4, 0),
('2024-06-16', 5, 0),
('2024-06-16', 6, 0),
('2024-06-16', 7, 1),
('2024-06-16', 8, 1),
('2024-06-16', 9, 0),
('2024-06-16', 10, 1),
('2024-06-16', 11, 0),
('2024-06-16', 12, 0),
('2024-06-16', 13, 1),
('2024-06-16', 14, 0),
('2024-06-16', 15, 0),
('2024-06-17', 1, 1),
('2024-06-17', 2, 0),
('2024-06-17', 3, 0),
('2024-06-17', 4, 1),
('2024-06-17', 5, 1),
('2024-06-17', 6, 1),
('2024-06-17', 7, 1),
('2024-06-17', 8, 1),
('2024-06-17', 9, 0),
('2024-06-17', 10, 1),
('2024-06-17', 11, 0),
('2024-06-17', 12, 1),
('2024-06-17', 13, 1),
('2024-06-17', 14, 1),
('2024-06-17', 15, 1),
('2024-06-18', 1, 0),
('2024-06-18', 2, 1),
('2024-06-18', 3, 0),
('2024-06-18', 4, 1),
('2024-06-18', 5, 1),
('2024-06-18', 6, 0),
('2024-06-18', 7, 0),
('2024-06-18', 8, 1),
('2024-06-18', 9, 1),
('2024-06-18', 10, 1),
('2024-06-18', 11, 0),
('2024-06-18', 12, 0),
('2024-06-18', 13, 0),
('2024-06-18', 14, 0),
('2024-06-18', 15, 1),
('2024-06-19', 1, 1),
('2024-06-19', 2, 1),
('2024-06-19', 3, 1),
('2024-06-19', 4, 0),
('2024-06-19', 5, 0),
('2024-06-19', 6, 1),
('2024-06-19', 7, 0),
('2024-06-19', 8, 1),
('2024-06-19', 9, 0),
('2024-06-19', 10, 1),
('2024-06-19', 11, 1),
('2024-06-19', 12, 0),
('2024-06-19', 13, 1),
('2024-06-19', 14, 1),
('2024-06-19', 15, 1),
('2024-06-20', 1, 0),
('2024-06-20', 2, 0),
('2024-06-20', 3, 1),
('2024-06-20', 4, 0),
('2024-06-20', 5, 0),
('2024-06-20', 6, 1),
('2024-06-20', 7, 0),
('2024-06-20', 8, 0),
('2024-06-20', 9, 0),
('2024-06-20', 10, 1),
('2024-06-20', 11, 1),
('2024-06-20', 12, 1),
('2024-06-20', 13, 1),
('2024-06-20', 14, 1),
('2024-06-20', 15, 1),
('2024-06-21', 1, 1),
('2024-06-21', 2, 0),
('2024-06-21', 3, 1),
('2024-06-21', 4, 0),
('2024-06-21', 5, 1),
('2024-06-21', 6, 1),
('2024-06-21', 7, 0),
('2024-06-21', 8, 1),
('2024-06-21', 9, 1),
('2024-06-21', 10, 1),
('2024-06-21', 11, 0),
('2024-06-21', 12, 1),
('2024-06-21', 13, 1),
('2024-06-21', 14, 0),
('2024-06-21', 15, 0),
('2024-06-22', 1, 0),
('2024-06-22', 2, 1),
('2024-06-22', 3, 0),
('2024-06-22', 4, 0),
('2024-06-22', 5, 0),
('2024-06-22', 6, 0),
('2024-06-22', 7, 1),
('2024-06-22', 8, 1),
('2024-06-22', 9, 0),
('2024-06-22', 10, 1),
('2024-06-22', 11, 1),
('2024-06-22', 12, 1),
('2024-06-22', 13, 1),
('2024-06-22', 14, 0),
('2024-06-22', 15, 1),
('2024-06-23', 1, 1),
('2024-06-23', 2, 1),
('2024-06-23', 3, 1),
('2024-06-23', 4, 1),
('2024-06-23', 5, 0),
('2024-06-23', 6, 1),
('2024-06-23', 7, 0),
('2024-06-23', 8, 1),
('2024-06-23', 9, 0),
('2024-06-23', 10, 1),
('2024-06-23', 11, 1),
('2024-06-23', 12, 1),
('2024-06-23', 13, 1),
('2024-06-23', 14, 0),
('2024-06-23', 15, 0),
('2024-06-24', 1, 1),
('2024-06-24', 2, 1),
('2024-06-24', 3, 0),
('2024-06-24', 4, 0),
('2024-06-24', 5, 0),
('2024-06-24', 6, 0),
('2024-06-24', 7, 1),
('2024-06-24', 8, 1),
('2024-06-24', 9, 1),
('2024-06-24', 10, 1),
('2024-06-24', 11, 1),
('2024-06-24', 12, 1),
('2024-06-24', 13, 0),
('2024-06-24', 14, 1),
('2024-06-24', 15, 1),
('2024-06-25', 1, 1),
('2024-06-25', 2, 0),
('2024-06-25', 3, 1),
('2024-06-25', 4, 1),
('2024-06-25', 5, 0),
('2024-06-25', 6, 0),
('2024-06-25', 7, 0),
('2024-06-25', 8, 0),
('2024-06-25', 9, 1),
('2024-06-25', 10, 1),
('2024-06-25', 11, 1),
('2024-06-25', 12, 0),
('2024-06-25', 13, 0),
('2024-06-25', 14, 1),
('2024-06-25', 15, 1),
('2024-06-26', 1, 1),
('2024-06-26', 2, 1),
('2024-06-26', 3, 1),
('2024-06-26', 4, 0),
('2024-06-26', 5, 1),
('2024-06-26', 6, 0),
('2024-06-26', 7, 0),
('2024-06-26', 8, 1),
('2024-06-26', 9, 0),
('2024-06-26', 10, 0),
('2024-06-26', 11, 1),
('2024-06-26', 12, 0),
('2024-06-26', 13, 1),
('2024-06-26', 14, 1),
('2024-06-26', 15, 1),
('2024-06-27', 1, 1),
('2024-06-27', 2, 0),
('2024-06-27', 3, 0),
('2024-06-27', 4, 0),
('2024-06-27', 5, 0),
('2024-06-27', 6, 1),
('2024-06-27', 7, 1),
('2024-06-27', 8, 1),
('2024-06-27', 9, 1),
('2024-06-27', 10, 1),
('2024-06-27', 11, 1),
('2024-06-27', 12, 0),
('2024-06-27', 13, 1),
('2024-06-27', 14, 1),
('2024-06-27', 15, 1),
('2024-06-28', 1, 0),
('2024-06-28', 2, 1),
('2024-06-28', 3, 1),
('2024-06-28', 4, 1),
('2024-06-28', 5, 0),
('2024-06-28', 6, 1),
('2024-06-28', 7, 0),
('2024-06-28', 8, 0),
('2024-06-28', 9, 1),
('2024-06-28', 10, 0),
('2024-06-28', 11, 1),
('2024-06-28', 12, 1),
('2024-06-28', 13, 1),
('2024-06-28', 14, 0),
('2024-06-28', 15, 0),
('2024-06-29', 1, 1),
('2024-06-29', 2, 0),
('2024-06-29', 3, 0),
('2024-06-29', 4, 0),
('2024-06-29', 5, 1),
('2024-06-29', 6, 0),
('2024-06-29', 7, 0),
('2024-06-29', 8, 1),
('2024-06-29', 9, 0),
('2024-06-29', 10, 1),
('2024-06-29', 11, 1),
('2024-06-29', 12, 0),
('2024-06-29', 13, 1),
('2024-06-29', 14, 1),
('2024-06-29', 15, 1),
('2024-06-30', 1, 1),
('2024-06-30', 2, 1),
('2024-06-30', 3, 1),
('2024-06-30', 4, 1),
('2024-06-30', 5, 0),
('2024-06-30', 6, 0),
('2024-06-30', 7, 1),
('2024-06-30', 8, 1),
('2024-06-30', 9, 1),
('2024-06-30', 10, 0),
('2024-06-30', 11, 0),
('2024-06-30', 12, 0),
('2024-06-30', 13, 1),
('2024-06-30', 14, 1),
('2024-06-30', 15, 0),
('2024-07-01', 1, 0),
('2024-07-01', 2, 1),
('2024-07-01', 3, 1),
('2024-07-01', 4, 0),
('2024-07-01', 5, 0),
('2024-07-01', 6, 1),
('2024-07-01', 7, 0),
('2024-07-01', 8, 0),
('2024-07-01', 9, 1),
('2024-07-01', 10, 1),
('2024-07-01', 11, 1),
('2024-07-01', 12, 1),
('2024-07-01', 13, 1),
('2024-07-01', 14, 1),
('2024-07-01', 15, 1),
('2024-07-02', 1, 1),
('2024-07-02', 2, 0),
('2024-07-02', 3, 0),
('2024-07-02', 4, 0),
('2024-07-02', 5, 0),
('2024-07-02', 6, 0),
('2024-07-02', 7, 1),
('2024-07-02', 8, 1),
('2024-07-02', 9, 0),
('2024-07-02', 10, 0),
('2024-07-02', 11, 0),
('2024-07-02', 12, 0),
('2024-07-02', 13, 1),
('2024-07-02', 14, 0),
('2024-07-02', 15, 0),
('2024-07-03', 1, 0),
('2024-07-03', 2, 1),
('2024-07-03', 3, 0),
('2024-07-03', 4, 0),
('2024-07-03', 5, 1),
('2024-07-03', 6, 0),
('2024-07-03', 7, 0),
('2024-07-03', 8, 0),
('2024-07-03', 9, 0),
('2024-07-03', 10, 1),
('2024-07-03', 11, 0),
('2024-07-03', 12, 1),
('2024-07-03', 13, 0),
('2024-07-03', 14, 1),
('2024-07-03', 15, 1),
('2024-07-04', 1, 0),
('2024-07-04', 2, 1),
('2024-07-04', 3, 1),
('2024-07-04', 4, 1),
('2024-07-04', 5, 0),
('2024-07-04', 6, 0),
('2024-07-04', 7, 0),
('2024-07-04', 8, 1),
('2024-07-04', 9, 1),
('2024-07-04', 10, 1),
('2024-07-04', 11, 1),
('2024-07-04', 12, 1),
('2024-07-04', 13, 0),
('2024-07-04', 14, 0),
('2024-07-04', 15, 0),
('2024-07-05', 1, 1),
('2024-07-05', 2, 1),
('2024-07-05', 3, 0),
('2024-07-05', 4, 0),
('2024-07-05', 5, 1),
('2024-07-05', 6, 0),
('2024-07-05', 7, 1),
('2024-07-05', 8, 1),
('2024-07-05', 9, 0),
('2024-07-05', 10, 1),
('2024-07-05', 11, 1),
('2024-07-05', 12, 1),
('2024-07-05', 13, 0),
('2024-07-05', 14, 1),
('2024-07-05', 15, 0),
('2024-07-06', 1, 0),
('2024-07-06', 2, 0),
('2024-07-06', 3, 0),
('2024-07-06', 4, 0),
('2024-07-06', 5, 0),
('2024-07-06', 6, 1),
('2024-07-06', 7, 1),
('2024-07-06', 8, 1),
('2024-07-06', 9, 0),
('2024-07-06', 10, 1),
('2024-07-06', 11, 0),
('2024-07-06', 12, 1),
('2024-07-06', 13, 1),
('2024-07-06', 14, 1),
('2024-07-06', 15, 0),
('2024-07-07', 1, 0),
('2024-07-07', 2, 0),
('2024-07-07', 3, 0),
('2024-07-07', 4, 0),
('2024-07-07', 5, 1),
('2024-07-07', 6, 1),
('2024-07-07', 7, 0),
('2024-07-07', 8, 0),
('2024-07-07', 9, 1),
('2024-07-07', 10, 0),
('2024-07-07', 11, 1),
('2024-07-07', 12, 1),
('2024-07-07', 13, 1),
('2024-07-07', 14, 1),
('2024-07-07', 15, 1),
('2024-07-08', 1, 0),
('2024-07-08', 2, 1),
('2024-07-08', 3, 1),
('2024-07-08', 4, 0),
('2024-07-08', 5, 0),
('2024-07-08', 6, 0),
('2024-07-08', 7, 1),
('2024-07-08', 8, 0),
('2024-07-08', 9, 1),
('2024-07-08', 10, 1),
('2024-07-08', 11, 1),
('2024-07-08', 12, 1),
('2024-07-08', 13, 1),
('2024-07-08', 14, 0),
('2024-07-08', 15, 1),
('2024-07-09', 1, 0),
('2024-07-09', 2, 0),
('2024-07-09', 3, 0),
('2024-07-09', 4, 1),
('2024-07-09', 5, 1),
('2024-07-09', 6, 0),
('2024-07-09', 7, 1),
('2024-07-09', 8, 1),
('2024-07-09', 9, 1),
('2024-07-09', 10, 1),
('2024-07-09', 11, 1),
('2024-07-09', 12, 1),
('2024-07-09', 13, 1),
('2024-07-09', 14, 1),
('2024-07-09', 15, 1),
('2024-07-10', 1, 1),
('2024-07-10', 2, 1),
('2024-07-10', 3, 0),
('2024-07-10', 4, 1),
('2024-07-10', 5, 0),
('2024-07-10', 6, 1),
('2024-07-10', 7, 0),
('2024-07-10', 8, 1),
('2024-07-10', 9, 1),
('2024-07-10', 10, 1),
('2024-07-10', 11, 0),
('2024-07-10', 12, 1),
('2024-07-10', 13, 0),
('2024-07-10', 14, 0),
('2024-07-10', 15, 0),
('2024-07-11', 1, 1),
('2024-07-11', 2, 0),
('2024-07-11', 3, 0),
('2024-07-11', 4, 0),
('2024-07-11', 5, 1),
('2024-07-11', 6, 0),
('2024-07-11', 7, 1),
('2024-07-11', 8, 0),
('2024-07-11', 9, 0),
('2024-07-11', 10, 1),
('2024-07-11', 11, 0),
('2024-07-11', 12, 0),
('2024-07-11', 13, 0),
('2024-07-11', 14, 0),
('2024-07-11', 15, 0),
('2024-07-12', 1, 0),
('2024-07-12', 2, 1),
('2024-07-12', 3, 1),
('2024-07-12', 4, 1),
('2024-07-12', 5, 1),
('2024-07-12', 6, 0),
('2024-07-12', 7, 0),
('2024-07-12', 8, 1),
('2024-07-12', 9, 0),
('2024-07-12', 10, 0),
('2024-07-12', 11, 0),
('2024-07-12', 12, 1),
('2024-07-12', 13, 0),
('2024-07-12', 14, 1),
('2024-07-12', 15, 0),
('2024-07-13', 1, 0),
('2024-07-13', 2, 0),
('2024-07-13', 3, 0),
('2024-07-13', 4, 1),
('2024-07-13', 5, 1),
('2024-07-13', 6, 1),
('2024-07-13', 7, 0),
('2024-07-13', 8, 0),
('2024-07-13', 9, 0),
('2024-07-13', 10, 0),
('2024-07-13', 11, 0),
('2024-07-13', 12, 1),
('2024-07-13', 13, 0),
('2024-07-13', 14, 0),
('2024-07-13', 15, 0),
('2024-07-14', 1, 1),
('2024-07-14', 2, 0),
('2024-07-14', 3, 0),
('2024-07-14', 4, 0),
('2024-07-14', 5, 0),
('2024-07-14', 6, 1),
('2024-07-14', 7, 1),
('2024-07-14', 8, 0),
('2024-07-14', 9, 1),
('2024-07-14', 10, 0),
('2024-07-14', 11, 0),
('2024-07-14', 12, 0),
('2024-07-14', 13, 1),
('2024-07-14', 14, 1),
('2024-07-14', 15, 0),
('2024-07-15', 1, 1),
('2024-07-15', 2, 0),
('2024-07-15', 3, 1),
('2024-07-15', 4, 0),
('2024-07-15', 5, 1),
('2024-07-15', 6, 1),
('2024-07-15', 7, 1),
('2024-07-15', 8, 1),
('2024-07-15', 9, 0),
('2024-07-15', 10, 0),
('2024-07-15', 11, 1),
('2024-07-15', 12, 0),
('2024-07-15', 13, 0),
('2024-07-15', 14, 0),
('2024-07-15', 15, 0),
('2024-07-16', 1, 1),
('2024-07-16', 2, 1),
('2024-07-16', 3, 0),
('2024-07-16', 4, 1),
('2024-07-16', 5, 1),
('2024-07-16', 6, 1),
('2024-07-16', 7, 1),
('2024-07-16', 8, 0),
('2024-07-16', 9, 0),
('2024-07-16', 10, 1),
('2024-07-16', 11, 0),
('2024-07-16', 12, 1),
('2024-07-16', 13, 1),
('2024-07-16', 14, 0),
('2024-07-16', 15, 1),
('2024-07-17', 1, 1),
('2024-07-17', 2, 1),
('2024-07-17', 3, 1),
('2024-07-17', 4, 0),
('2024-07-17', 5, 0),
('2024-07-17', 6, 1),
('2024-07-17', 7, 0),
('2024-07-17', 8, 1),
('2024-07-17', 9, 1),
('2024-07-17', 10, 0),
('2024-07-17', 11, 0),
('2024-07-17', 12, 1),
('2024-07-17', 13, 1),
('2024-07-17', 14, 1),
('2024-07-17', 15, 1),
('2024-07-18', 1, 0),
('2024-07-18', 2, 0),
('2024-07-18', 3, 0),
('2024-07-18', 4, 0),
('2024-07-18', 5, 1),
('2024-07-18', 6, 1),
('2024-07-18', 7, 1),
('2024-07-18', 8, 1),
('2024-07-18', 9, 1),
('2024-07-18', 10, 1),
('2024-07-18', 11, 0),
('2024-07-18', 12, 0),
('2024-07-18', 13, 1),
('2024-07-18', 14, 0),
('2024-07-18', 15, 1),
('2024-07-19', 1, 1),
('2024-07-19', 2, 0),
('2024-07-19', 3, 1),
('2024-07-19', 4, 0),
('2024-07-19', 5, 1),
('2024-07-19', 6, 1),
('2024-07-19', 7, 0),
('2024-07-19', 8, 0),
('2024-07-19', 9, 1),
('2024-07-19', 10, 0),
('2024-07-19', 11, 1),
('2024-07-19', 12, 1),
('2024-07-19', 13, 1),
('2024-07-19', 14, 1),
('2024-07-19', 15, 1),
('2024-07-20', 1, 0),
('2024-07-20', 2, 1),
('2024-07-20', 3, 0),
('2024-07-20', 4, 1),
('2024-07-20', 5, 1),
('2024-07-20', 6, 0),
('2024-07-20', 7, 0),
('2024-07-20', 8, 0),
('2024-07-20', 9, 1),
('2024-07-20', 10, 1),
('2024-07-20', 11, 0),
('2024-07-20', 12, 1),
('2024-07-20', 13, 0),
('2024-07-20', 14, 0),
('2024-07-20', 15, 1),
('2024-07-21', 1, 1),
('2024-07-21', 2, 0),
('2024-07-21', 3, 1),
('2024-07-21', 4, 1),
('2024-07-21', 5, 0),
('2024-07-21', 6, 0),
('2024-07-21', 7, 1),
('2024-07-21', 8, 1),
('2024-07-21', 9, 0),
('2024-07-21', 10, 0),
('2024-07-21', 11, 0),
('2024-07-21', 12, 1),
('2024-07-21', 13, 0),
('2024-07-21', 14, 0),
('2024-07-21', 15, 1),
('2024-07-22', 1, 0),
('2024-07-22', 2, 0),
('2024-07-22', 3, 0),
('2024-07-22', 4, 0),
('2024-07-22', 5, 1),
('2024-07-22', 6, 1),
('2024-07-22', 7, 0),
('2024-07-22', 8, 1),
('2024-07-22', 9, 1),
('2024-07-22', 10, 0),
('2024-07-22', 11, 0),
('2024-07-22', 12, 0),
('2024-07-22', 13, 0),
('2024-07-22', 14, 1),
('2024-07-22', 15, 1),
('2024-07-23', 1, 1),
('2024-07-23', 2, 0),
('2024-07-23', 3, 1),
('2024-07-23', 4, 0),
('2024-07-23', 5, 1),
('2024-07-23', 6, 1),
('2024-07-23', 7, 0),
('2024-07-23', 8, 1),
('2024-07-23', 9, 0),
('2024-07-23', 10, 1),
('2024-07-23', 11, 0),
('2024-07-23', 12, 0),
('2024-07-23', 13, 0),
('2024-07-23', 14, 0),
('2024-07-23', 15, 1),
('2024-07-24', 1, 0),
('2024-07-24', 2, 0),
('2024-07-24', 3, 0),
('2024-07-24', 4, 1),
('2024-07-24', 5, 0),
('2024-07-24', 6, 0),
('2024-07-24', 7, 0),
('2024-07-24', 8, 1),
('2024-07-24', 9, 1),
('2024-07-24', 10, 0),
('2024-07-24', 11, 1),
('2024-07-24', 12, 0),
('2024-07-24', 13, 0),
('2024-07-24', 14, 1),
('2024-07-24', 15, 0),
('2024-07-25', 1, 1),
('2024-07-25', 2, 1),
('2024-07-25', 3, 1),
('2024-07-25', 4, 0),
('2024-07-25', 5, 1),
('2024-07-25', 6, 1),
('2024-07-25', 7, 0),
('2024-07-25', 8, 0),
('2024-07-25', 9, 1),
('2024-07-25', 10, 0),
('2024-07-25', 11, 1),
('2024-07-25', 12, 0),
('2024-07-25', 13, 1),
('2024-07-25', 14, 1),
('2024-07-25', 15, 1),
('2024-07-26', 1, 1),
('2024-07-26', 2, 1),
('2024-07-26', 3, 0),
('2024-07-26', 4, 0),
('2024-07-26', 5, 0),
('2024-07-26', 6, 0),
('2024-07-26', 7, 1),
('2024-07-26', 8, 0),
('2024-07-26', 9, 1),
('2024-07-26', 10, 0),
('2024-07-26', 11, 1),
('2024-07-26', 12, 1),
('2024-07-26', 13, 1),
('2024-07-26', 14, 1),
('2024-07-26', 15, 1),
('2024-07-27', 1, 0),
('2024-07-27', 2, 0),
('2024-07-27', 3, 1),
('2024-07-27', 4, 0),
('2024-07-27', 5, 1),
('2024-07-27', 6, 0),
('2024-07-27', 7, 0),
('2024-07-27', 8, 0),
('2024-07-27', 9, 0),
('2024-07-27', 10, 0),
('2024-07-27', 11, 1),
('2024-07-27', 12, 1),
('2024-07-27', 13, 1),
('2024-07-27', 14, 1),
('2024-07-27', 15, 1),
('2024-07-28', 1, 0),
('2024-07-28', 2, 0),
('2024-07-28', 3, 1),
('2024-07-28', 4, 1),
('2024-07-28', 5, 1),
('2024-07-28', 6, 1),
('2024-07-28', 7, 0),
('2024-07-28', 8, 1),
('2024-07-28', 9, 0),
('2024-07-28', 10, 1),
('2024-07-28', 11, 0),
('2024-07-28', 12, 0),
('2024-07-28', 13, 1),
('2024-07-28', 14, 0),
('2024-07-28', 15, 1),
('2024-07-29', 1, 0),
('2024-07-29', 2, 1),
('2024-07-29', 3, 0),
('2024-07-29', 4, 0),
('2024-07-29', 5, 1),
('2024-07-29', 6, 1),
('2024-07-29', 7, 1),
('2024-07-29', 8, 0),
('2024-07-29', 9, 0),
('2024-07-29', 10, 1),
('2024-07-29', 11, 0),
('2024-07-29', 12, 0),
('2024-07-29', 13, 1),
('2024-07-29', 14, 1),
('2024-07-29', 15, 1),
('2024-07-30', 1, 1),
('2024-07-30', 2, 1),
('2024-07-30', 3, 1),
('2024-07-30', 4, 0),
('2024-07-30', 5, 1),
('2024-07-30', 6, 1),
('2024-07-30', 7, 0),
('2024-07-30', 8, 1),
('2024-07-30', 9, 0),
('2024-07-30', 10, 0),
('2024-07-30', 11, 1),
('2024-07-30', 12, 1),
('2024-07-30', 13, 0),
('2024-07-30', 14, 0),
('2024-07-30', 15, 0),
('2024-07-31', 1, 1),
('2024-07-31', 2, 0),
('2024-07-31', 3, 1),
('2024-07-31', 4, 0),
('2024-07-31', 5, 1),
('2024-07-31', 6, 0),
('2024-07-31', 7, 1),
('2024-07-31', 8, 0),
('2024-07-31', 9, 1),
('2024-07-31', 10, 1),
('2024-07-31', 11, 0),
('2024-07-31', 12, 1),
('2024-07-31', 13, 0),
('2024-07-31', 14, 0),
('2024-07-31', 15, 0),
('2024-08-01', 1, 0),
('2024-08-01', 2, 1),
('2024-08-01', 3, 0),
('2024-08-01', 4, 0),
('2024-08-01', 5, 1),
('2024-08-01', 6, 0),
('2024-08-01', 7, 1),
('2024-08-01', 10, 1),
('2024-08-01', 11, 1),
('2024-08-01', 12, 1),
('2024-08-01', 13, 0),
('2024-08-01', 14, 1),
('2024-08-01', 15, 0),
('2024-08-02', 1, 1),
('2024-08-02', 2, 0),
('2024-08-02', 3, 1),
('2024-08-02', 4, 0),
('2024-08-02', 5, 0),
('2024-08-02', 6, 0),
('2024-08-02', 7, 1),
('2024-08-02', 10, 1),
('2024-08-02', 11, 0),
('2024-08-02', 12, 0),
('2024-08-02', 13, 1),
('2024-08-02', 14, 0),
('2024-08-02', 15, 0),
('2024-08-03', 1, 0),
('2024-08-03', 2, 1),
('2024-08-03', 3, 0),
('2024-08-03', 4, 1),
('2024-08-03', 5, 1),
('2024-08-03', 6, 1),
('2024-08-03', 7, 1),
('2024-08-03', 10, 1),
('2024-08-03', 11, 1),
('2024-08-03', 12, 1),
('2024-08-03', 13, 1),
('2024-08-03', 14, 0),
('2024-08-03', 15, 1),
('2024-08-04', 1, 0),
('2024-08-04', 2, 0),
('2024-08-04', 3, 1),
('2024-08-04', 4, 0),
('2024-08-04', 5, 1),
('2024-08-04', 6, 1),
('2024-08-04', 7, 0),
('2024-08-04', 10, 0),
('2024-08-04', 11, 0),
('2024-08-04', 12, 1),
('2024-08-04', 13, 1),
('2024-08-04', 14, 1),
('2024-08-04', 15, 0),
('2024-08-05', 1, 1),
('2024-08-05', 2, 1),
('2024-08-05', 3, 0),
('2024-08-05', 4, 1),
('2024-08-05', 5, 1),
('2024-08-05', 6, 0),
('2024-08-05', 7, 0),
('2024-08-05', 10, 1),
('2024-08-05', 11, 0),
('2024-08-05', 12, 1),
('2024-08-05', 13, 0),
('2024-08-05', 14, 1),
('2024-08-05', 15, 0),
('2024-08-06', 1, 1),
('2024-08-06', 2, 0),
('2024-08-06', 3, 1),
('2024-08-06', 4, 1),
('2024-08-06', 5, 0),
('2024-08-06', 6, 1),
('2024-08-06', 7, 0),
('2024-08-06', 10, 0),
('2024-08-06', 11, 0),
('2024-08-06', 12, 0),
('2024-08-06', 13, 0),
('2024-08-06', 14, 1),
('2024-08-06', 15, 1),
('2024-08-07', 1, 0),
('2024-08-07', 2, 1),
('2024-08-07', 3, 1),
('2024-08-07', 4, 1),
('2024-08-07', 5, 0),
('2024-08-07', 6, 0),
('2024-08-07', 7, 0),
('2024-08-07', 10, 1),
('2024-08-07', 11, 1),
('2024-08-07', 12, 0),
('2024-08-07', 13, 1),
('2024-08-07', 14, 1),
('2024-08-07', 15, 1),
('2024-08-10', 1, 2),
('2024-08-10', 2, 2),
('2024-08-10', 3, 2),
('2024-08-10', 4, 2),
('2024-08-10', 5, 2),
('2024-08-10', 6, 2),
('2024-08-10', 7, 2),
('2024-08-10', 10, 2),
('2024-08-10', 11, 2),
('2024-08-10', 12, 2),
('2024-08-10', 13, 2),
('2024-08-10', 14, 2),
('2024-08-10', 15, 2),
('2024-08-13', 1, 1),
('2024-08-13', 2, 0),
('2024-08-13', 3, 0),
('2024-08-13', 4, 0),
('2024-08-13', 5, 0),
('2024-08-13', 6, 0),
('2024-08-13', 7, 0),
('2024-08-13', 10, 0),
('2024-08-13', 11, 0),
('2024-08-13', 12, 0),
('2024-08-13', 13, 0),
('2024-08-13', 14, 0),
('2024-08-13', 15, 0);

-- --------------------------------------------------------

--
-- Estructura de tabla para la tabla `raza`
--

CREATE TABLE `raza` (
  `nombre` varchar(200) NOT NULL,
  `descripcion` varchar(5000) DEFAULT NULL
) ENGINE=InnoDB DEFAULT CHARSET=utf8mb4 COLLATE=utf8mb4_general_ci;

--
-- Volcado de datos para la tabla `raza`
--

INSERT INTO `raza` (`nombre`, `descripcion`) VALUES
('Gallina de Mos', 'La gallina de Mos fue la primera autóctona que se empezó a recuperar en Galicia. Estando en peligro de extinción, en el año 1936 se llevó a cabo un programa de selección de la raza en la parroquia de San Julián de Mos del municipio de Castro de Rei (Lugo). De ahí el nombre de esta raza de gallina, \"galiña de Mos\", en honor a la parroquia donde comenzó su recuperación. Se caracteriza por su tamaño mediano y su color leonado con un matiz rojo-caoba claro.'),
('Gallina de Piñeira', 'Esta raza de gallinas han sido bautizadas como \"Piñeiras\" por el color y forma de su plumaje, que se asemeja a las piñas de los pinares. Son la raza con un tamaño más pequeño.'),
('Gallina de Villalba', 'Proviene de la comarca de A Mariña en la provincia de Lugo. Se distingue por su tamaño mediano, su plumaje marrón con tonalidades doradas y su cresta en forma de rosa.');

--
-- Índices para tablas volcadas
--

--
-- Indices de la tabla `baja`
--
ALTER TABLE `baja`
  ADD PRIMARY KEY (`id_gallina`);

--
-- Indices de la tabla `gallina`
--
ALTER TABLE `gallina`
  ADD PRIMARY KEY (`id`),
  ADD KEY `nombre_raza` (`nombre_raza`);

--
-- Indices de la tabla `produccion`
--
ALTER TABLE `produccion`
  ADD PRIMARY KEY (`fecha_recogida`,`id_gallina`),
  ADD KEY `id_gallina` (`id_gallina`);

--
-- Indices de la tabla `raza`
--
ALTER TABLE `raza`
  ADD PRIMARY KEY (`nombre`);

--
-- AUTO_INCREMENT de las tablas volcadas
--

--
-- AUTO_INCREMENT de la tabla `gallina`
--
ALTER TABLE `gallina`
  MODIFY `id` int(11) NOT NULL AUTO_INCREMENT, AUTO_INCREMENT=35;

--
-- Restricciones para tablas volcadas
--

--
-- Filtros para la tabla `baja`
--
ALTER TABLE `baja`
  ADD CONSTRAINT `baja_ibfk_1` FOREIGN KEY (`id_gallina`) REFERENCES `gallina` (`id`);

--
-- Filtros para la tabla `gallina`
--
ALTER TABLE `gallina`
  ADD CONSTRAINT `gallina_ibfk_1` FOREIGN KEY (`nombre_raza`) REFERENCES `raza` (`nombre`);

--
-- Filtros para la tabla `produccion`
--
ALTER TABLE `produccion`
  ADD CONSTRAINT `produccion_ibfk_1` FOREIGN KEY (`id_gallina`) REFERENCES `gallina` (`id`);
COMMIT;

/*!40101 SET CHARACTER_SET_CLIENT=@OLD_CHARACTER_SET_CLIENT */;
/*!40101 SET CHARACTER_SET_RESULTS=@OLD_CHARACTER_SET_RESULTS */;
/*!40101 SET COLLATION_CONNECTION=@OLD_COLLATION_CONNECTION */;
